transaction_id,date,transaction_type,category,merchant,amount,payment_method
txn-152412a6b5b6547d,2022-07-01,expense,Shopping,Nykaa,4378.5,Debit Card
txn-172cf46e78eacd00,2022-07-02,expense,Subscriptions,Google One,210.0,Credit Card
txn-b689cd578be2cced,2022-07-02,expense,Groceries,Nature Basket,1136.77,Debit Card
txn-da1fda4364eef9b0,2022-07-03,expense,Groceries,Local Grocery,1054.73,Credit Card
txn-425759ef5e22995a,2022-07-05,expense,Housing,Metro Homes Rent,39500.0,Net Banking
txn-d333cbecbf856c23,2022-07-05,expense,Entertainment,BookMyShow,1051.5,UPI
txn-fbea16c453010e57,2022-07-05,expense,Subscriptions,Netflix,649.0,Credit Card
txn-5f4fcc6cb626d4fc,2022-07-06,expense,Transport,Indian Oil,583.14,UPI
txn-6cb0ff33aee7b82d,2022-07-06,expense,Subscriptions,Amazon Prime,299.0,Credit Card
txn-28cfb669b61642e4,2022-07-07,expense,Education,Kindle Store,2211.36,Credit Card
txn-d4b8e7360d870f6b,2022-07-07,expense,Transport,Ola,1153.17,Credit Card
txn-3c115d8e3a323ebd,2022-07-08,expense,Groceries,Star Bazaar,1854.09,UPI
txn-f49f3624982275e9,2022-07-08,expense,Subscriptions,Spotify,119.0,Credit Card
txn-69d7e61305762e80,2022-07-09,expense,Entertainment,PVR Cinemas,1332.44,Credit Card
txn-b6a6537578f55573,2022-07-09,expense,Transport,Metro Card,1107.35,UPI
txn-328b0a9afd3e770e,2022-07-10,expense,Travel,Air India Express,2026.93,UPI
txn-430e5d099558bf3f,2022-07-11,expense,Groceries,Blinkit,1480.37,Net Banking
txn-b9012491e0b645dd,2022-07-13,expense,Transport,Ola,1034.18,UPI
txn-f9de2e2f330092b1,2022-07-14,expense,Groceries,Nature Basket,1057.6,UPI
txn-eee270fcddb4c526,2022-07-16,expense,Dining,Blue Tokai,1350.91,Debit Card
txn-fdbd41c507fab632,2022-07-16,expense,Dining,Third Wave Coffee,958.37,Debit Card
txn-a87e76c06f93b6aa,2022-07-17,expense,Dining,Blue Tokai,1741.88,Credit Card
txn-a0e66489cb996b55,2022-07-19,expense,Shopping,Myntra,4452.32,UPI
txn-a6305ff0099e21e9,2022-07-19,expense,Transport,Indian Oil,739.29,Debit Card
txn-98e533e52b37f416,2022-07-20,expense,Groceries,BigBasket,1508.81,Cash
txn-c5662700a7123194,2022-07-21,expense,Groceries,Local Grocery,1252.97,Wallet
txn-dd8baff4d7614042,2022-07-21,expense,Utilities,BESCOM,2986.76,Credit Card
txn-0ede355891a5e548,2022-07-24,expense,Dining,Swiggy,1781.95,Credit Card
txn-da06f7d5df804e60,2022-07-24,expense,Dining,Swiggy,713.18,UPI
txn-27aad6c141b09aae,2022-07-25,expense,Utilities,BESCOM,2722.35,Wallet
txn-c1cd2963e0eb3af3,2022-07-25,expense,Healthcare,Apollo Pharmacy,2322.59,UPI
txn-38abee98b8906759,2022-07-26,expense,Other,Stationery Hub,629.15,Net Banking
txn-584067e969276848,2022-07-28,income,Salary,Northstar Payroll,135518.02,Bank Transfer
txn-766a7665d515e9b7,2022-08-01,expense,Transport,Ola,947.45,Wallet
txn-37fd9ef9b42c510f,2022-08-03,expense,Subscriptions,Google One,211.26,Credit Card
txn-bd1cd2e973129cfb,2022-08-03,expense,Groceries,Star Bazaar,2195.52,Credit Card
txn-d2489d66b5c41905,2022-08-03,expense,Subscriptions,Netflix,652.89,Credit Card
txn-aa55b79a56fe9fd2,2022-08-04,expense,Healthcare,Apollo Pharmacy,1758.81,Wallet
txn-6d175a451cce9bbe,2022-08-05,expense,Housing,Metro Homes Rent,39500.0,Net Banking
txn-17ee431a0ca55b4d,2022-08-07,expense,Shopping,Nykaa,2296.3,UPI
txn-3fa373ff45cf0875,2022-08-07,expense,Entertainment,NCPA,1254.84,Cash
txn-7972cffef98692f4,2022-08-07,expense,Dining,Barbeque Nation,2236.54,Wallet
txn-ae5ffaefb8eef3e1,2022-08-07,expense,Subscriptions,Spotify,119.71,Credit Card
txn-dc6a8a30d1107adb,2022-08-07,expense,Subscriptions,Amazon Prime,300.79,Credit Card
txn-ada04906730a626a,2022-08-08,expense,Healthcare,Practo,748.46,Net Banking
txn-5b620040f06bf15b,2022-08-09,expense,Shopping,Nykaa,4017.07,Net Banking
txn-a91ccecafcbc8771,2022-08-09,expense,Transport,Rapido,670.56,Credit Card
txn-45031157789de420,2022-08-11,expense,Shopping,Croma,4720.06,Wallet
txn-4b8efbef60aceba0,2022-08-13,expense,Groceries,Blinkit,1185.39,Credit Card
txn-9add08a7e2c54c5f,2022-08-13,expense,Groceries,BigBasket,1279.39,Net Banking
txn-db5f04bb31288ba7,2022-08-13,expense,Groceries,Star Bazaar,1021.69,UPI
txn-25369b5b4e41123c,2022-08-14,expense,Transport,Ola,1040.1,Credit Card
txn-3aeb58e70130750f,2022-08-14,expense,Shopping,Decathlon,2405.48,UPI
txn-4b6b6af952531fb2,2022-08-14,expense,Travel,MakeMyTrip,8742.76,Credit Card
txn-96da4408a89f2b9a,2022-08-14,expense,Entertainment,PVR Cinemas,191.41,Credit Card
txn-b010d71406827c2b,2022-08-14,expense,Transport,Metro Card,1192.64,Debit Card
txn-2978c8fbd95535e3,2022-08-16,expense,Transport,Indian Oil,361.42,UPI
txn-5f3765e10ebbada6,2022-08-16,expense,Transport,Uber,987.29,Credit Card
txn-85af577593bed16a,2022-08-17,expense,Other,Stationery Hub,990.19,Net Banking
txn-94ff5f142b15d9d0,2022-08-17,expense,Utilities,Mahanagar Gas,3275.2,Debit Card
txn-0f8e2c4c19910b46,2022-08-18,expense,Groceries,Local Grocery,1215.13,Debit Card
txn-21415d76d6a0d447,2022-08-18,expense,Utilities,Tata Power,1627.6,Credit Card
txn-f0fbc6436697d8a7,2022-08-18,expense,Groceries,BigBasket,1842.85,Credit Card
txn-18735487f80348e9,2022-08-20,expense,Utilities,Mahanagar Gas,2839.93,UPI
txn-340ea605ec711e5e,2022-08-20,expense,Dining,Zomato,1523.33,UPI
txn-94196e523a789802,2022-08-20,expense,Other,Gift Store,542.72,Credit Card
txn-af28f7280e2a8b99,2022-08-20,expense,Entertainment,NCPA,800.86,Credit Card
txn-e2963cb24de4a30a,2022-08-20,expense,Groceries,Local Grocery,664.13,Credit Card
txn-576997dc332d0728,2022-08-21,expense,Dining,Barbeque Nation,2067.22,Credit Card
txn-1502710f97c50843,2022-08-22,expense,Groceries,BigBasket,911.87,UPI
txn-ff108d209f08c608,2022-08-22,expense,Groceries,Nature Basket,1541.17,UPI
txn-4131e15544a75957,2022-08-27,expense,Dining,Swiggy,497.62,UPI
txn-ada5095ca32f3d12,2022-08-27,expense,Entertainment,BookMyShow,681.84,Credit Card
txn-f9998828b6b87f39,2022-08-27,expense,Education,Kindle Store,1878.05,UPI
txn-a9412fc9a1c8694d,2022-08-28,income,Salary,Northstar Payroll,135005.12,Bank Transfer
txn-6b4c6474da22b5a1,2022-09-02,expense,Education,Skillshare,2387.49,Credit Card
txn-8d0e3b8d6255c020,2022-09-02,expense,Transport,Indian Oil,629.92,UPI
txn-0f602df3020811be,2022-09-03,expense,Subscriptions,Netflix,656.79,Credit Card
txn-fb0bbe04ba07417e,2022-09-03,expense,Shopping,Decathlon,4145.15,Wallet
txn-4a54b19cb38e25ec,2022-09-04,expense,Groceries,Local Grocery,1223.86,Credit Card
txn-659d3b9a38abe464,2022-09-04,expense,Dining,Barbeque Nation,1374.44,UPI
txn-33a8a8750d52c9fb,2022-09-05,expense,Transport,Metro Card,744.1,UPI
txn-33abc30a4f5df5ab,2022-09-05,expense,Housing,Metro Homes Rent,39500.0,Net Banking
txn-15a10af64c12c829,2022-09-07,expense,Utilities,BESCOM,2621.48,UPI
txn-c1def178ebc90589,2022-09-07,expense,Subscriptions,Amazon Prime,302.59,Credit Card
txn-c3885ce5e3b7704a,2022-09-07,expense,Subscriptions,Google One,212.52,Credit Card
txn-7e3aeba45897a165,2022-09-08,expense,Subscriptions,Spotify,120.43,Credit Card
txn-d70fa5beae7a7e88,2022-09-08,expense,Utilities,Airtel Fiber,2921.02,Credit Card
txn-f3267c8eb843becc,2022-09-08,expense,Groceries,Local Grocery,2446.85,Credit Card
txn-d74d6bbf0a4af91c,2022-09-10,expense,Groceries,BigBasket,1298.01,UPI
txn-e4915150fdac40e4,2022-09-10,expense,Healthcare,City Clinic,1870.67,UPI
txn-e978737768c232bb,2022-09-10,expense,Dining,Blue Tokai,2335.96,UPI
txn-87f5f0edfa69e7b9,2022-09-11,expense,Other,Society Office,843.69,Net Banking
txn-a33cab9e2c8e83a3,2022-09-13,expense,Groceries,BigBasket,1166.49,Wallet
txn-f85659fbfb15b97c,2022-09-16,expense,Transport,Metro Card,885.79,Credit Card
txn-2253915cb980ab81,2022-09-17,expense,Other,Society Office,1503.65,Credit Card
txn-4f51fb28d263192f,2022-09-17,expense,Dining,Barbeque Nation,1428.5,Wallet
txn-151cd7db0518e28d,2022-09-18,expense,Entertainment,NCPA,1493.33,UPI
txn-f5875f43e470c731,2022-09-18,expense,Groceries,Star Bazaar,1612.58,Debit Card
txn-0e374f6d3468dcc1,2022-09-20,expense,Other,Gift Store,295.74,UPI
txn-7196f6795173cb5b,2022-09-21,income,Bonus,Northstar Payroll,40451.33,Bank Transfer
txn-f6443858401fb5f4,2022-09-22,expense,Utilities,Airtel Fiber,2681.85,Credit Card
txn-19cc943486d887ee,2022-09-23,expense,Transport,Uber,741.54,UPI
txn-84cac403c0306ac4,2022-09-23,expense,Shopping,Amazon India,4185.02,UPI
txn-ce449ae0a92d0284,2022-09-24,expense,Dining,Third Wave Coffee,1200.84,Debit Card
txn-d6ca692f2f55204e,2022-09-24,expense,Travel,MakeMyTrip,7443.64,UPI
txn-2eef133604ef6628,2022-09-25,expense,Transport,Rapido,694.42,UPI
txn-92578e22c96304f4,2022-09-25,expense,Entertainment,Steam,1941.02,UPI
txn-ab532b8ae3a58a69,2022-09-25,expense,Utilities,Tata Power,2843.72,UPI
txn-121185b6f6834af8,2022-09-26,expense,Groceries,Blinkit,1424.04,UPI
txn-816a9f53cf577410,2022-09-26,expense,Groceries,Blinkit,978.69,Credit Card
txn-855232293d05f4ac,2022-09-26,expense,Groceries,Blinkit,2312.38,Debit Card
txn-08fd95f4298970df,2022-09-28,income,Salary,Northstar Payroll,136683.99,Bank Transfer
txn-1053150514651cec,2022-10-01,expense,Dining,Swiggy,265.85,UPI
txn-dfa28994932eaec3,2022-10-01,expense,Dining,Swiggy,1824.67,Net Banking
txn-d9191128383ae536,2022-10-02,expense,Education,Coursera,693.58,Wallet
txn-e25bfaf89f2b2b67,2022-10-02,expense,Subscriptions,Amazon Prime,304.38,Credit Card
txn-e29bbf8011a20055,2022-10-02,expense,Entertainment,NCPA,1705.82,Credit Card
txn-9232a875197ca5a9,2022-10-03,expense,Transport,Ola,972.78,UPI
txn-033b507e91313ae0,2022-10-04,expense,Transport,Uber,760.9,Wallet
txn-0caf74b5b7187562,2022-10-04,expense,Healthcare,Apollo Pharmacy,1692.05,Wallet
txn-4a306b3d44a0fd49,2022-10-04,expense,Groceries,Local Grocery,2155.04,UPI
txn-ce280471ebc3e729,2022-10-04,expense,Transport,Rapido,789.76,Credit Card
txn-f1acac1682c3fc6c,2022-10-04,expense,Other,Stationery Hub,941.55,Net Banking
txn-c89512713a86267e,2022-10-05,expense,Housing,Metro Homes Rent,39500.0,Net Banking
txn-7301d5e73fffc9ba,2022-10-06,expense,Subscriptions,Netflix,660.68,Credit Card
txn-58cbb295e9a2edb3,2022-10-08,expense,Subscriptions,Google One,213.78,Credit Card
txn-d960c38d5dca2f31,2022-10-08,expense,Subscriptions,Spotify,121.14,Credit Card
txn-b228d2356c67d983,2022-10-10,expense,Transport,Indian Oil,538.75,Credit Card
txn-f9496c9339b7fb0e,2022-10-11,expense,Shopping,Nykaa,1894.43,Debit Card
txn-33ca650be7753541,2022-10-12,expense,Transport,Rapido,1137.82,Debit Card
txn-84eeea865ad15070,2022-10-13,expense,Utilities,Tata Power,1921.68,Wallet
txn-2cd90839f8d6f456,2022-10-14,expense,Shopping,Croma,4765.65,Credit Card
txn-9b45e951f714bed6,2022-10-14,expense,Groceries,Star Bazaar,1204.19,Credit Card
txn-20bf91c217600a1b,2022-10-15,expense,Entertainment,Steam,1315.38,UPI
txn-2950a5befdd9650d,2022-10-15,expense,Entertainment,NCPA,1465.6,Wallet
txn-871dd16e003c9502,2022-10-15,expense,Groceries,Nature Basket,1666.49,Debit Card
txn-f7a6ff0b947b1aa8,2022-10-15,expense,Transport,Indian Oil,523.96,UPI
txn-2a69e2a3e25d0415,2022-10-16,expense,Groceries,BigBasket,422.11,Credit Card
txn-4cd6b2cba22c0d63,2022-10-16,expense,Travel,MakeMyTrip,4317.64,UPI
txn-d50eb9af8f978c0b,2022-10-16,expense,Utilities,Jio Mobile,2764.59,Credit Card
txn-f359c716003da9b3,2022-10-16,expense,Groceries,Nature Basket,1619.62,UPI
txn-dad11db330989812,2022-10-17,expense,Shopping,Nykaa,4298.49,UPI
txn-24376945299bdb55,2022-10-18,expense,Groceries,Star Bazaar,1213.47,UPI
txn-7187dd3a4b270879,2022-10-18,expense,Transport,Indian Oil,838.87,Credit Card
txn-d011bd5b0bd489c7,2022-10-19,expense,Groceries,Blinkit,1583.22,UPI
txn-14f1226246c5f174,2022-10-22,expense,Dining,Barbeque Nation,80.0,UPI
txn-2c874e1e96644fc3,2022-10-22,expense,Other,Gift Store,1290.7,Credit Card
txn-361f033df8869770,2022-10-22,expense,Shopping,Nykaa,3352.96,Wallet
txn-4754b392c017b6b3,2022-10-22,expense,Entertainment,Steam,1066.1,Credit Card
txn-504164ef85c7f62d,2022-10-22,expense,Dining,Third Wave Coffee,1064.65,UPI
txn-04e288f661d33dd6,2022-10-28,income,Salary,Northstar Payroll,138027.81,Bank Transfer
txn-a78674b2fc639950,2022-11-01,expense,Shopping,Nykaa,1790.94,Wallet
txn-e65fa2b3c4041d89,2022-11-02,expense,Utilities,Airtel Fiber,3293.64,UPI
txn-3910f9a57d204e04,2022-11-03,expense,Subscriptions,Netflix,664.58,Credit Card
txn-670c75d19b71a85a,2022-11-04,expense,Shopping,Decathlon,3265.87,UPI
txn-395dd204847496ac,2022-11-05,expense,Subscriptions,Google One,215.04,Credit Card
txn-9ff60bb831555928,2022-11-05,expense,Housing,Metro Homes Rent,39500.0,Net Banking
txn-f968e9eeabd033a3,2022-11-05,expense,Groceries,Nature Basket,1629.2,Credit Card
txn-045fbdb9810bab95,2022-11-06,expense,Healthcare,HealthKart,614.7,UPI
txn-1b2aae211554d90c,2022-11-06,expense,Subscriptions,Spotify,121.86,Credit Card
txn-e660c26f5d4e6068,2022-11-08,expense,Subscriptions,Amazon Prime,306.18,Credit Card
txn-3a597fbae64f8ad4,2022-11-09,expense,Transport,Indian Oil,1222.67,Debit Card
txn-5523d35e477c3b5f,2022-11-10,expense,Groceries,Star Bazaar,1042.24,UPI
txn-28807f961fa09d93,2022-11-11,expense,Shopping,Croma,2993.09,UPI
txn-968f1a9329f253dc,2022-11-11,expense,Other,Society Office,1152.99,Net Banking
txn-3b5f2e2026460e9d,2022-11-12,expense,Travel,IRCTC,10516.18,Debit Card
txn-6f86bc6f5996695d,2022-11-12,expense,Transport,Uber,1774.84,Credit Card
txn-8c83a755aa8e1a21,2022-11-12,expense,Dining,Barbeque Nation,1591.92,UPI
txn-235f38ea5ce91d39,2022-11-13,expense,Dining,Blue Tokai,2338.59,Wallet
txn-23d12c68ac9f98d0,2022-11-13,expense,Dining,Blue Tokai,926.9,UPI
txn-ccab7120e938014c,2022-11-13,expense,Groceries,Blinkit,1349.93,UPI
txn-50d5eaeae10da3fc,2022-11-14,expense,Other,Gift Store,664.23,Credit Card
txn-8a7ea45d836cdf81,2022-11-14,expense,Transport,Rapido,872.63,Debit Card
txn-4ea078199bda36da,2022-11-15,expense,Education,Kindle Store,2701.73,UPI
txn-4e19070cbe5b2ad3,2022-11-16,expense,Entertainment,BookMyShow,265.38,Credit Card
txn-850373afba0f6c71,2022-11-16,expense,Utilities,BESCOM,2536.13,UPI
txn-a33fffebfa7a3578,2022-11-16,expense,Other,Stationery Hub,479.27,Wallet
txn-4145aa07f60eb58e,2022-11-17,expense,Groceries,Star Bazaar,531.23,UPI
txn-90509ef000abd4a9,2022-11-19,expense,Transport,Metro Card,906.4,Credit Card
txn-f586045ae7bc8d0e,2022-11-19,expense,Dining,Third Wave Coffee,1326.06,Credit Card
txn-416a54141546a407,2022-11-20,expense,Dining,Zomato,1924.76,Credit Card
txn-ce8a18fb950fc06a,2022-11-20,expense,Entertainment,Steam,1427.62,Credit Card
txn-a0454482f41ded4a,2022-11-22,expense,Groceries,Blinkit,1095.8,UPI
txn-b61da1b1104f0fb4,2022-11-22,expense,Transport,Ola,533.13,UPI
txn-7776c1e1af1c2f96,2022-11-24,expense,Utilities,Jio Mobile,3126.26,UPI
txn-ce12b333c8364bb5,2022-11-25,expense,Transport,Uber,778.33,Credit Card
txn-f8bc704a3e218a5c,2022-11-25,expense,Groceries,BigBasket,1645.24,Credit Card
txn-7aa9b7f89a28490f,2022-11-26,expense,Groceries,Star Bazaar,1516.72,UPI
txn-83e00ddc07de1290,2022-11-26,expense,Dining,Swiggy,2520.34,Wallet
txn-c2d54f142793f9dc,2022-11-27,expense,Shopping,Amazon India,3240.95,Debit Card
txn-333c8b7c8bfd822d,2022-11-28,income,Salary,Northstar Payroll,135081.34,Bank Transfer
txn-d72fad2ad2a0d19b,2022-12-01,expense,Shopping,Croma,3171.88,Credit Card
txn-9d09fe26acf4a3ef,2022-12-02,expense,Utilities,BESCOM,3007.32,Wallet
txn-ba5334c606d585bf,2022-12-02,expense,Subscriptions,Amazon Prime,307.97,Credit Card
txn-e143606f115113a3,2022-12-03,expense,Subscriptions,Spotify,122.57,Credit Card
txn-e8aa6dea9f03c968,2022-12-03,expense,Subscriptions,Google One,216.3,Credit Card
txn-ed37f46053be3f3e,2022-12-03,expense,Transport,Indian Oil,615.42,Credit Card
txn-00abba7ef153bb51,2022-12-04,expense,Transport,Uber,692.1,UPI
txn-e6a91e673d2a49f3,2022-12-04,expense,Subscriptions,Netflix,668.47,Credit Card
txn-f776c94197653dc2,2022-12-04,expense,Groceries,Local Grocery,1579.97,Credit Card
txn-6ccd037a673a1c5c,2022-12-05,expense,Groceries,Nature Basket,931.21,Net Banking
txn-72c6313eee30d49b,2022-12-05,expense,Groceries,Star Bazaar,1614.04,UPI
txn-90bd28769c61c313,2022-12-05,expense,Housing,Metro Homes Rent,39500.0,Net Banking
txn-c7340ec8ff020103,2022-12-07,expense,Shopping,Nykaa,3449.35,Credit Card
txn-21ced924b6970e7e,2022-12-10,expense,Dining,Third Wave Coffee,80.0,UPI
txn-79af73cd2c08d067,2022-12-11,expense,Dining,Blue Tokai,1401.5,UPI
txn-8519fcaa8263d97e,2022-12-11,expense,Entertainment,NCPA,619.3,Credit Card
txn-d4dec15772db5aef,2022-12-12,expense,Healthcare,HealthKart,2479.97,UPI
txn-4a822718193bd048,2022-12-14,expense,Groceries,Nature Basket,1822.12,Wallet
txn-7ec405e11fd61b03,2022-12-14,expense,Transport,Rapido,931.6,Cash
txn-a96b77e657693a76,2022-12-15,expense,Education,Udemy,2897.53,UPI
txn-34d4c41858387a24,2022-12-17,expense,Dining,Swiggy,1264.03,UPI
txn-6db1922aaf11c3c8,2022-12-17,expense,Groceries,Local Grocery,961.58,Debit Card
txn-0275349ad2cc2da3,2022-12-18,expense,Dining,Barbeque Nation,1844.44,UPI
txn-c76c34616968a18a,2022-12-18,expense,Groceries,Nature Basket,1377.34,Credit Card
txn-60942fb01e3e7ced,2022-12-20,expense,Shopping,Decathlon,4506.91,Wallet
txn-c71745e39c6a749d,2022-12-20,expense,Transport,Rapido,691.99,Debit Card
txn-d07ab05eb390d95d,2022-12-20,expense,Shopping,Decathlon,2882.13,Debit Card
txn-715ff2fad7a28ee6,2022-12-21,expense,Other,Laundry Point,954.98,Credit Card
txn-e22f3a1c92f9914e,2022-12-22,expense,Groceries,Nature Basket,824.28,Credit Card
txn-d909b4dd6b523a21,2022-12-24,expense,Travel,IRCTC,8575.05,Credit Card
txn-e21583a07bea1dac,2022-12-24,expense,Dining,Third Wave Coffee,318.41,UPI
txn-0f1c612e01482d35,2022-12-25,expense,Other,Stationery Hub,292.86,UPI
txn-f08aa484c38062b8,2022-12-25,expense,Other,Laundry Point,80.0,Credit Card
txn-f3d4cd03aa656f12,2022-12-25,expense,Entertainment,PVR Cinemas,1428.68,Credit Card
txn-46d7dfc285a38a14,2022-12-26,expense,Utilities,Airtel Fiber,2088.23,UPI
txn-d68cfe08b226f37c,2022-12-26,expense,Groceries,Nature Basket,1108.27,Credit Card
txn-f4204ff2dbd2b994,2022-12-27,expense,Transport,Ola,636.69,UPI
txn-30fd2ed59a923ad3,2022-12-28,income,Salary,Northstar Payroll,136938.59,Bank Transfer
txn-045eca97b37aff70,2023-01-01,expense,Dining,Barbeque Nation,1777.22,UPI
txn-67b46dfc17bc108c,2023-01-01,expense,Entertainment,BookMyShow,1625.39,UPI
txn-82c499ad1d619795,2023-01-01,expense,Dining,Swiggy,1572.64,Credit Card
txn-910360156c3be7e0,2023-01-02,expense,Groceries,Blinkit,2598.2,UPI
txn-d2c0904dd4824a88,2023-01-02,expense,Subscriptions,Netflix,672.36,Credit Card
txn-fe26f11f258a150e,2023-01-02,expense,Transport,Metro Card,777.12,Credit Card
txn-63ea3fc99a9f74cc,2023-01-03,expense,Transport,Indian Oil,80.0,UPI
txn-7c2f5caa69cea2e8,2023-01-03,expense,Subscriptions,Amazon Prime,309.76,Credit Card
txn-f5b838cd519590ce,2023-01-03,expense,Healthcare,Practo,3485.79,Credit Card
txn-dd81d938c4c06a3d,2023-01-04,expense,Subscriptions,Spotify,123.28,Credit Card
txn-ef21eab67ff24604,2023-01-04,expense,Entertainment,Steam,1005.78,UPI
txn-3909ac4d6fc8e374,2023-01-05,expense,Housing,Metro Homes Rent,39500.0,Net Banking
txn-d24dc797cdc33a47,2023-01-06,expense,Transport,Metro Card,769.77,UPI
txn-0656a80edfd46d7c,2023-01-07,expense,Shopping,Croma,2091.93,Credit Card
txn-3dcd16b0600ac6a3,2023-01-07,expense,Dining,Swiggy,1916.08,Credit Card
txn-67153caaffbe04eb,2023-01-07,expense,Utilities,Mahanagar Gas,2685.77,Wallet
txn-b1304d4c6ea9d1e3,2023-01-07,expense,Shopping,Myntra,4711.74,UPI
txn-c144285026b74476,2023-01-07,expense,Subscriptions,Google One,217.56,Credit Card
txn-191d5a1507fa7b21,2023-01-08,expense,Dining,Blue Tokai,1356.4,Wallet
txn-611d25281eb6ed81,2023-01-08,expense,Groceries,Nature Basket,1271.81,Wallet
txn-8a2bc1e74574e6d5,2023-01-08,expense,Other,Society Office,489.44,UPI
txn-4d23ed321fd4b61a,2023-01-09,expense,Groceries,Nature Basket,1865.97,UPI
txn-c78f9c63801e09ff,2023-01-09,expense,Transport,Indian Oil,478.43,UPI
txn-934d8ae5ec7e8de8,2023-01-11,expense,Transport,Indian Oil,498.17,UPI
txn-f1cea3bace1f1e88,2023-01-12,expense,Transport,Ola,1102.12,UPI
txn-60d8eea0ec08d79b,2023-01-15,expense,Travel,Oyo Rooms,5506.65,UPI
txn-a87a0e26102574ab,2023-01-15,expense,Utilities,Jio Mobile,3170.56,UPI
txn-87ebc38060211d77,2023-01-16,expense,Healthcare,HealthKart,1714.03,UPI
txn-8e4654ab5092c9e7,2023-01-16,expense,Groceries,Star Bazaar,2077.99,Credit Card
txn-d17e4a1ae1d58ff3,2023-01-16,expense,Other,Gift Store,1268.97,UPI
txn-b047a170754f060c,2023-01-17,expense,Education,Coursera,2565.32,UPI
txn-545f8a68cce57ba4,2023-01-18,expense,Groceries,Star Bazaar,1425.41,Debit Card
txn-6370e7aea89fc19b,2023-01-19,expense,Education,Kindle Store,2437.15,UPI
txn-5a5756ab208922c1,2023-01-21,expense,Dining,Barbeque Nation,1615.1,Credit Card
txn-1c96312f53fdca3e,2023-01-22,expense,Groceries,BigBasket,1306.8,Credit Card
txn-26bf035c5145c2a2,2023-01-22,expense,Entertainment,Steam,1627.61,UPI
txn-4308e7d12d9d1812,2023-01-24,expense,Transport,Metro Card,773.67,UPI
txn-996920c8efd1835e,2023-01-24,expense,Other,Society Office,576.74,Credit Card
txn-6fd9e3ac02d44261,2023-01-26,expense,Groceries,Star Bazaar,1940.14,Credit Card
txn-7fed17abec00543b,2023-01-28,income,Salary,Northstar Payroll,140222.23,Bank Transfer
txn-86df6f25b54ff591,2023-02-01,expense,Groceries,Star Bazaar,1417.94,Credit Card
txn-2b4f75291e1b856f,2023-02-02,expense,Subscriptions,Amazon Prime,311.56,Credit Card
txn-8f94b131de5c423f,2023-02-03,expense,Subscriptions,Google One,218.82,Credit Card
txn-1a140f4595cc57c2,2023-02-04,expense,Healthcare,Practo,1969.33,UPI
txn-1ae4544c182c9201,2023-02-04,expense,Dining,Blue Tokai,1273.62,Credit Card
txn-5580dc82c8517834,2023-02-05,expense,Transport,Metro Card,681.19,Net Banking
txn-83dd90e3883a9914,2023-02-05,expense,Housing,Metro Homes Rent,39500.0,Net Banking
txn-ac73acb25bef59c9,2023-02-05,expense,Entertainment,Steam,1322.56,UPI
txn-cf567911d0bced74,2023-02-05,expense,Groceries,BigBasket,1325.98,Wallet
txn-f4d807a2fc8676cc,2023-02-05,expense,Groceries,Star Bazaar,938.57,Debit Card
txn-8109f5fb61a6de65,2023-02-06,expense,Utilities,Airtel Fiber,2553.02,Debit Card
txn-ab6561bd17deb349,2023-02-06,expense,Transport,Ola,184.18,Credit Card
txn-ba213c41433eb5bd,2023-02-06,expense,Transport,Indian Oil,968.99,Wallet
txn-3082ed809aed7698,2023-02-07,expense,Subscriptions,Spotify,124.0,Credit Card
txn-a65e392baf240ace,2023-02-08,expense,Subscriptions,Netflix,676.26,Credit Card
txn-140150662fa49a27,2023-02-11,expense,Travel,Oyo Rooms,5977.13,UPI
txn-34d7b43f060c91a5,2023-02-11,expense,Entertainment,BookMyShow,869.32,Wallet
txn-87e9ea4b3de71316,2023-02-11,expense,Shopping,Myntra,3564.48,UPI
txn-cc2577d97b38fe27,2023-02-11,expense,Shopping,Decathlon,8470.02,UPI
txn-1f79bb948a58dc94,2023-02-12,expense,Other,Laundry Point,822.65,UPI
txn-23c0f631e97d9fea,2023-02-12,expense,Entertainment,BookMyShow,1078.2,UPI
txn-3f55966e2a3c113f,2023-02-12,expense,Entertainment,BookMyShow,693.07,Cash
txn-a5bc659fc707336f,2023-02-13,expense,Dining,Third Wave Coffee,1266.29,UPI
txn-e8053ae4b3806be9,2023-02-15,expense,Groceries,Blinkit,1012.4,Credit Card
txn-a5b3ba51eef36e15,2023-02-16,expense,Shopping,Croma,5044.75,UPI
txn-fc7e42ef0070731f,2023-02-16,expense,Transport,Rapido,717.71,UPI
txn-ae16e13a551ff5d7,2023-02-18,expense,Dining,Swiggy,1751.56,Credit Card
txn-9c1885dc04f8b334,2023-02-20,expense,Education,Skillshare,1620.51,Credit Card
txn-39f33c722b6f9913,2023-02-21,expense,Transport,Uber,996.98,Debit Card
txn-7ac3ca75e2ddaddb,2023-02-21,expense,Groceries,Blinkit,2103.07,Credit Card
txn-95a4f1ff40cdeed9,2023-02-21,expense,Healthcare,Practo,1956.01,Debit Card
txn-142f7aeb191b1ae6,2023-02-23,expense,Groceries,Star Bazaar,1982.78,UPI
txn-09a54ea7cefbdb3d,2023-02-24,expense,Transport,Indian Oil,736.99,Debit Card
txn-3974f423cd523ac8,2023-02-24,expense,Transport,Indian Oil,812.1,UPI
txn-16358837f0ab7f6b,2023-02-26,expense,Groceries,Nature Basket,1279.08,Credit Card
txn-5e99a47888d4dff1,2023-02-26,expense,Utilities,BESCOM,3848.59,UPI
txn-a3c43b8a6c62dcfd,2023-02-26,expense,Shopping,Croma,4951.13,Credit Card
txn-f82e984e5e757d15,2023-02-26,expense,Dining,Swiggy,101.58,Credit Card
txn-00a262ffab90c6f4,2023-02-28,income,Salary,Northstar Payroll,140405.08,Bank Transfer
txn-eac94651ab62ceac,2023-03-01,expense,Utilities,Mahanagar Gas,2618.58,Cash
txn-2d91e9601e3db6d5,2023-03-02,expense,Subscriptions,Amazon Prime,313.35,Credit Card
txn-5edb7a295aba7f7d,2023-03-02,expense,Shopping,Croma,1367.09,Credit Card
txn-1f9a258fdc5f5ee5,2023-03-04,expense,Transport,Metro Card,80.0,UPI
txn-272177bbd7c2081b,2023-03-04,expense,Groceries,Blinkit,2055.64,Net Banking
txn-5dc9beced369c333,2023-03-04,expense,Education,Coursera,2107.25,UPI
txn-f80bc7154f232b30,2023-03-04,expense,Subscriptions,Google One,220.08,Credit Card
txn-8d5961db4122c31e,2023-03-05,expense,Housing,Metro Homes Rent,39500.0,Net Banking
txn-9af8182c36a02357,2023-03-05,expense,Shopping,Amazon India,3909.04,Credit Card
txn-d4b06ff8957c079b,2023-03-05,expense,Entertainment,PVR Cinemas,2060.0,UPI
txn-f8978916f4cef557,2023-03-06,expense,Subscriptions,Spotify,124.71,Credit Card
txn-34fcf2f9ddb102df,2023-03-07,expense,Subscriptions,Netflix,680.15,Credit Card
txn-858b01da58a8f904,2023-03-07,expense,Groceries,Nature Basket,1373.36,UPI
txn-aff199c95bc63095,2023-03-07,expense,Other,Gift Store,1696.48,Credit Card
txn-d8e8dbb7b76fd2c6,2023-03-07,expense,Groceries,BigBasket,2052.05,Debit Card
txn-aabd703bb3639c70,2023-03-08,income,Freelance,Independent Client,20241.22,Bank Transfer
txn-2e5eb7bc462f4300,2023-03-11,expense,Dining,Swiggy,2422.51,Net Banking
txn-85dc534e6e8ef474,2023-03-11,expense,Transport,Ola,1197.86,UPI
txn-06220796a8ac796b,2023-03-12,expense,Shopping,Amazon India,3616.85,Credit Card
txn-6f7396ed05733cbf,2023-03-12,expense,Entertainment,PVR Cinemas,1486.91,UPI
txn-1838c374e571edb8,2023-03-14,expense,Groceries,Blinkit,1441.53,Credit Card
txn-86af8f811df4640b,2023-03-15,expense,Groceries,Blinkit,1554.43,Credit Card
txn-b33fdd63d40e9df8,2023-03-15,expense,Transport,Indian Oil,963.53,Credit Card
txn-1317ae9dab24302e,2023-03-16,expense,Transport,Uber,440.89,Net Banking
txn-0572f52231cde0ad,2023-03-18,expense,Transport,Uber,685.11,UPI
txn-8508cb9614a86cc1,2023-03-18,expense,Dining,Barbeque Nation,1122.38,Wallet
txn-28f00731c4f8dcd8,2023-03-19,expense,Healthcare,Practo,1371.31,Credit Card
txn-4a992331fa78d5e3,2023-03-19,expense,Other,Gift Store,80.0,Net Banking
txn-4df2d5aa7b7b13b4,2023-03-19,expense,Dining,Swiggy,1701.83,Wallet
txn-4e743894c50be054,2023-03-19,expense,Entertainment,PVR Cinemas,1703.25,Credit Card
txn-49241568042a66f7,2023-03-20,income,Bonus,Northstar Payroll,26848.38,Bank Transfer
txn-e2e0641814ec8c30,2023-03-20,expense,Shopping,Nykaa,1948.74,UPI
txn-c2a7871a8916b8ce,2023-03-21,expense,Utilities,Tata Power,3779.66,Debit Card
txn-a0606a68e3528ddb,2023-03-23,expense,Transport,Rapido,238.91,Debit Card
txn-3221cf2a1b6f522c,2023-03-24,expense,Groceries,Star Bazaar,1763.13,UPI
txn-647947302c92b0f0,2023-03-24,expense,Education,Skillshare,1491.46,UPI
txn-77e60c91346750bc,2023-03-25,expense,Dining,Blue Tokai,1785.43,Credit Card
txn-77ea3131d9d53eff,2023-03-25,expense,Transport,Uber,1178.46,Net Banking
txn-95accef6f822790b,2023-03-25,expense,Utilities,Airtel Fiber,2709.17,Credit Card
txn-46710730672d3d98,2023-03-26,expense,Travel,IRCTC,6522.51,Credit Card
txn-ea18400c2194e243,2023-03-26,expense,Dining,Third Wave Coffee,1452.28,UPI
txn-ede481ffec3056eb,2023-03-26,expense,Groceries,Local Grocery,1790.79,UPI
txn-fb5343a07686266e,2023-03-26,expense,Groceries,BigBasket,1256.73,Wallet
txn-2410a0fe98a4bf94,2023-03-28,income,Salary,Northstar Payroll,139800.77,Bank Transfer
txn-2219916b6670ef4f,2023-04-01,expense,Dining,Zomato,1429.33,Credit Card
txn-348d0beecef6d812,2023-04-01,expense,Transport,Ola,1028.09,UPI
txn-6fe870911906364e,2023-04-01,expense,Entertainment,BookMyShow,1194.87,Credit Card
txn-70890e7a1c83d1b2,2023-04-01,expense,Entertainment,BookMyShow,2238.6,Credit Card
txn-44e7ce6fe0677f7f,2023-04-02,expense,Subscriptions,Amazon Prime,315.15,Credit Card
txn-5b69961fe38cb553,2023-04-02,expense,Entertainment,BookMyShow,803.41,Credit Card
txn-c578d796090dba66,2023-04-02,expense,Dining,Zomato,1698.24,Credit Card
txn-5051674f0727c4ce,2023-04-04,expense,Transport,Indian Oil,290.87,UPI
txn-988cdd1347622a33,2023-04-04,expense,Shopping,Nykaa,3679.57,Debit Card
txn-1f63c34ad2ef7b5a,2023-04-05,expense,Subscriptions,Netflix,684.05,Credit Card
txn-947b2de7634c4145,2023-04-05,expense,Housing,Metro Homes Rent,39500.0,Net Banking
txn-99f2efb1410323be,2023-04-05,expense,Subscriptions,Google One,221.34,Credit Card
txn-5250ff5aa5409172,2023-04-06,expense,Subscriptions,Spotify,125.43,Credit Card
txn-bfee9f7ed6bc8dd3,2023-04-06,expense,Healthcare,City Clinic,1023.19,Wallet
txn-5d62d2596b16ba83,2023-04-07,expense,Groceries,Local Grocery,1434.43,Debit Card
txn-4d844ae7e3f25d95,2023-04-08,expense,Education,Coursera,536.49,UPI
txn-21d3d1780272aa76,2023-04-09,expense,Groceries,Star Bazaar,1839.9,Net Banking
txn-5292f2ec5dcc28e3,2023-04-09,expense,Entertainment,PVR Cinemas,1907.01,Wallet
txn-a3e1872abd747813,2023-04-09,expense,Dining,Barbeque Nation,1275.91,Cash
txn-ad9985e2b8c94f78,2023-04-09,expense,Groceries,Blinkit,1717.44,Credit Card
txn-bae1af47ed5905a4,2023-04-09,expense,Travel,IRCTC,6524.79,Debit Card
txn-4d4da8591762da04,2023-04-10,expense,Groceries,Star Bazaar,1981.92,Wallet
txn-aae8cf73fd9a6303,2023-04-10,expense,Other,Stationery Hub,876.95,UPI
txn-2c3db6f540da67c9,2023-04-11,expense,Utilities,Tata Power,3890.2,UPI
txn-93cc2156db5c2bf9,2023-04-11,expense,Groceries,Nature Basket,1133.07,UPI
txn-1ac405346d84458d,2023-04-12,expense,Groceries,Blinkit,1849.64,Credit Card
txn-a5ed510deb75cf64,2023-04-14,expense,Other,Society Office,2053.17,Debit Card
txn-1148134b3387f5cb,2023-04-15,expense,Dining,Barbeque Nation,1145.95,UPI
txn-a55df27dde584efd,2023-04-15,expense,Travel,Air India Express,9692.8,Wallet
txn-e3320df04df4da9f,2023-04-16,expense,Transport,Metro Card,1387.74,UPI
txn-47413d8dd7a6d74d,2023-04-18,expense,Utilities,Mahanagar Gas,3962.3,Net Banking
txn-a0e302d5cd524a96,2023-04-19,expense,Groceries,Nature Basket,894.73,Credit Card
txn-5d03ceca2850ce7d,2023-04-21,expense,Other,Gift Store,1405.41,UPI
txn-2573257112456728,2023-04-23,expense,Transport,Indian Oil,632.31,Wallet
txn-2b94c217e5e33749,2023-04-23,expense,Dining,Barbeque Nation,1838.44,UPI
txn-78afd43500b94b70,2023-04-23,expense,Transport,Uber,793.4,UPI
txn-b063486c0bb0ce2b,2023-04-23,expense,Dining,Zomato,1751.95,UPI
txn-bff93dbc44d10e8d,2023-04-24,expense,Shopping,Croma,1416.53,Credit Card
txn-7228937f14e5f300,2023-04-26,expense,Groceries,Local Grocery,1088.71,Net Banking
txn-374c526b2dddc3e1,2023-04-28,income,Salary,Northstar Payroll,142850.98,Bank Transfer
txn-8259fddcdfe8988a,2023-05-01,expense,Groceries,Star Bazaar,1008.37,UPI
txn-5fe728633a36c24d,2023-05-02,expense,Utilities,Jio Mobile,4305.4,UPI
txn-51e23562c2a0ec2c,2023-05-03,expense,Utilities,BESCOM,2788.46,UPI
txn-2c71ee99eb1373ce,2023-05-05,expense,Shopping,Amazon India,2595.63,UPI
txn-5238a9cb7d7bd80c,2023-05-05,expense,Transport,Ola,1019.49,UPI
txn-539275565a735a9e,2023-05-05,expense,Transport,Indian Oil,594.89,Wallet
txn-ff6cdd9864a2042f,2023-05-05,expense,Housing,Metro Homes Rent,39500.0,Net Banking
txn-116275debfddf9e0,2023-05-06,income,Freelance,Independent Client,24920.29,Bank Transfer
txn-209a5af29437129a,2023-05-06,expense,Dining,Swiggy,80.0,UPI
txn-37d8f30b4116ef59,2023-05-06,expense,Entertainment,PVR Cinemas,1338.82,Credit Card
txn-40fefc9c77c014a7,2023-05-06,expense,Subscriptions,Spotify,126.14,Credit Card
txn-c7b0ba4d51ed6b8d,2023-05-06,expense,Utilities,Jio Mobile,4010.55,Credit Card
txn-ed2ff3dc1e075037,2023-05-06,expense,Groceries,Star Bazaar,1369.9,UPI
txn-d1adcec215b746b3,2023-05-07,expense,Subscriptions,Amazon Prime,316.94,Credit Card
txn-fd08eea5a6cb1558,2023-05-07,expense,Subscriptions,Netflix,687.94,Credit Card
txn-87eecb65613fccbf,2023-05-08,expense,Groceries,Local Grocery,1083.83,Debit Card
txn-e10e3abe6d0d1f58,2023-05-08,expense,Subscriptions,Google One,222.6,Credit Card
txn-a2d358aa204bd5be,2023-05-11,expense,Other,Laundry Point,933.48,UPI
txn-89e175fa909caba8,2023-05-12,expense,Shopping,Myntra,4978.48,UPI
txn-0b5518138f51463f,2023-05-13,expense,Dining,Blue Tokai,1776.8,UPI
txn-99a044d448b2bcd2,2023-05-13,expense,Utilities,Tata Power,2930.77,Credit Card
txn-fc71283ed110ea25,2023-05-13,expense,Entertainment,PVR Cinemas,2113.73,Credit Card
txn-22c824f914f3d1d3,2023-05-14,expense,Groceries,Blinkit,1077.99,UPI
txn-8f41d928fdfbfc95,2023-05-14,expense,Travel,MakeMyTrip,5255.64,UPI
txn-2567b4623e10ebc6,2023-05-15,expense,Groceries,Nature Basket,2365.8,Wallet
txn-b636aa64d7c0141f,2023-05-15,expense,Shopping,Myntra,2240.76,UPI
txn-92e98eedce85f694,2023-05-16,expense,Healthcare,Apollo Pharmacy,1546.88,Wallet
txn-5197739e452f50ac,2023-05-17,expense,Transport,Uber,373.7,UPI
txn-7936cdb7deda785a,2023-05-18,expense,Groceries,Local Grocery,1587.88,Credit Card
txn-afa2bab80ff2993d,2023-05-18,expense,Entertainment,BookMyShow,1989.03,UPI
txn-3925e0ada6ec0b69,2023-05-21,expense,Other,Laundry Point,731.25,UPI
txn-8b0ccc4cd576e554,2023-05-21,expense,Dining,Barbeque Nation,80.0,Net Banking
txn-a7ed642dc047cd5d,2023-05-21,expense,Entertainment,PVR Cinemas,1235.79,Net Banking
txn-69f9466cdb280359,2023-05-23,expense,Transport,Ola,581.12,Credit Card
txn-c758dba1f7bc0a99,2023-05-23,expense,Transport,Rapido,1089.87,Credit Card
txn-c013d4d12742615a,2023-05-24,expense,Groceries,BigBasket,409.6,Cash
txn-74b78b0f6d3eae87,2023-05-26,expense,Other,Laundry Point,1474.65,Credit Card
txn-5585632b6371b0bd,2023-05-27,expense,Healthcare,HealthKart,2087.53,Credit Card
txn-c70041ba94d3da4a,2023-05-27,expense,Dining,Barbeque Nation,2125.15,Debit Card
txn-c8b7262d2b28f939,2023-05-27,expense,Education,Kindle Store,1872.36,Credit Card
txn-650459f0633f22e4,2023-05-28,income,Salary,Northstar Payroll,140826.78,Bank Transfer
txn-3ee621fa7c4f3f24,2023-06-01,expense,Transport,Uber,339.5,Credit Card
txn-5158a35d73b104fe,2023-06-02,expense,Healthcare,Practo,2421.65,Wallet
txn-769f70bcacb04e56,2023-06-02,expense,Subscriptions,Google One,223.86,Credit Card
txn-4c846ff06b4217a6,2023-06-03,expense,Other,Gift Store,696.37,Debit Card
txn-aed7e164b5202682,2023-06-03,expense,Transport,Uber,1145.51,Wallet
txn-28f79317c794234b,2023-06-04,expense,Travel,IRCTC,6089.04,UPI
txn-3cc96e97c6766325,2023-06-04,expense,Entertainment,BookMyShow,1831.49,Wallet
txn-573d9d7039a9daf9,2023-06-04,expense,Transport,Uber,631.08,Debit Card
txn-765bdefda967ae76,2023-06-04,expense,Subscriptions,Spotify,126.85,Credit Card
txn-d6e9f462203408ab,2023-06-04,expense,Utilities,Mahanagar Gas,2477.23,UPI
txn-28b22c2a7fe561ae,2023-06-05,expense,Housing,Metro Homes Rent,39500.0,Net Banking
txn-1324150041951712,2023-06-06,expense,Shopping,Croma,1958.51,UPI
txn-74023a92ff114448,2023-06-06,expense,Groceries,Nature Basket,619.21,Wallet
txn-d5b1786c08c065e5,2023-06-06,expense,Entertainment,NCPA,431.23,UPI
txn-5523834fb49ca5a0,2023-06-07,expense,Groceries,Nature Basket,1664.21,Credit Card
txn-78e81ebc2ff05f0e,2023-06-07,expense,Subscriptions,Netflix,691.83,Credit Card
txn-51a7f072ced795ec,2023-06-08,expense,Subscriptions,Amazon Prime,318.73,Credit Card
txn-e26204bc00d5ee6e,2023-06-08,expense,Transport,Uber,1535.16,UPI
txn-2339b8ab95ba261a,2023-06-10,expense,Groceries,Nature Basket,1445.41,Credit Card
txn-afa09431f21a7c31,2023-06-11,expense,Entertainment,Steam,1119.12,Net Banking
txn-0c54cfcb40517cf8,2023-06-12,expense,Transport,Rapido,749.01,UPI
txn-1dd05186eafdecfa,2023-06-12,expense,Groceries,Star Bazaar,1343.74,UPI
txn-1c14dfe50da9b953,2023-06-13,expense,Utilities,Jio Mobile,1839.78,Credit Card
txn-14d40e5465efacc6,2023-06-16,expense,Utilities,Airtel Fiber,2966.74,Credit Card
txn-8eb1e23b752ea336,2023-06-16,expense,Transport,Ola,515.41,Cash
txn-a390ba088d38be0f,2023-06-16,expense,Groceries,BigBasket,1570.3,Credit Card
txn-73ec9d3ffb0b0ed4,2023-06-17,expense,Entertainment,NCPA,497.76,Wallet
txn-03ad9c42a9401aab,2023-06-18,expense,Dining,Zomato,692.41,Credit Card
txn-ec4365eb1112f3f2,2023-06-18,expense,Dining,Barbeque Nation,1597.73,UPI
txn-fcd657be0db7469e,2023-06-22,expense,Education,Skillshare,2611.34,Credit Card
txn-376d59f489955915,2023-06-23,expense,Groceries,Blinkit,2467.31,Wallet
txn-4827d297bfa51cbd,2023-06-23,expense,Groceries,Local Grocery,1241.45,Net Banking
txn-271232a6c6af4401,2023-06-24,expense,Travel,Oyo Rooms,8805.48,Cash
txn-bf5dd1083489c7c6,2023-06-24,expense,Dining,Barbeque Nation,1740.39,UPI
txn-52f65f2cc60c2887,2023-06-25,expense,Dining,Swiggy,1900.38,Credit Card
txn-e0b11a48023f812f,2023-06-25,expense,Dining,Zomato,531.53,Net Banking
txn-138cd924c3564857,2023-06-26,expense,Groceries,Star Bazaar,1660.91,UPI
txn-c3bf4bfadf47aec2,2023-06-26,expense,Shopping,Croma,4262.96,UPI
txn-c4c973a9d94bee3a,2023-06-26,expense,Groceries,Star Bazaar,1269.82,UPI
txn-23c18aadd14975cd,2023-06-28,income,Salary,Northstar Payroll,144740.84,Bank Transfer
txn-5f4dd08f6166f0c5,2023-07-01,expense,Entertainment,PVR Cinemas,1375.31,UPI
txn-a1075d6ecbab5899,2023-07-01,expense,Travel,Oyo Rooms,9044.86,Net Banking
txn-911f94c2538b5a8d,2023-07-02,expense,Subscriptions,Netflix,695.73,Credit Card
txn-bd197a5a98176131,2023-07-02,expense,Groceries,Star Bazaar,905.88,Net Banking
txn-ceb55fb8206b0b7e,2023-07-02,expense,Subscriptions,Spotify,127.57,Credit Card
txn-fdc8da229fd20b6a,2023-07-02,expense,Dining,Zomato,1952.9,UPI
txn-7bdd00069301e64d,2023-07-03,expense,Subscriptions,Amazon Prime,320.53,Credit Card
txn-cb1f0175c3e4571a,2023-07-03,expense,Other,Laundry Point,80.0,UPI
txn-aa8506a672323006,2023-07-04,expense,Groceries,Local Grocery,2183.64,Net Banking
txn-dbed6c457c9ac5e9,2023-07-04,expense,Groceries,Local Grocery,1454.48,UPI
txn-e87ade78c70b2687,2023-07-04,expense,Subscriptions,Google One,225.12,Credit Card
txn-63e707db808ce9aa,2023-07-05,expense,Transport,Metro Card,1014.64,UPI
txn-7530c391de4082d3,2023-07-05,expense,Entertainment,PVR Cinemas,1511.75,UPI
txn-bd373c0946a6b73f,2023-07-05,expense,Housing,Metro Homes Rent,42265.0,Net Banking
txn-81abad18c525916a,2023-07-06,expense,Transport,Indian Oil,360.6,UPI
txn-d5c005268d9bc51e,2023-07-07,expense,Utilities,Jio Mobile,1978.58,UPI
txn-49e384df3eb05caf,2023-07-08,expense,Healthcare,Practo,2017.52,UPI
txn-ef04f84c8430756b,2023-07-08,expense,Utilities,BESCOM,2650.73,Credit Card
txn-4588329ee8525f0a,2023-07-09,expense,Education,Kindle Store,951.51,UPI
txn-ac6f814879590e22,2023-07-09,expense,Dining,Swiggy,1618.99,UPI
txn-0caa762b12c84904,2023-07-10,expense,Groceries,BigBasket,1873.95,UPI
txn-b559a9bf59717c0c,2023-07-11,expense,Groceries,Blinkit,1831.62,Cash
txn-eab244ac0b053a0d,2023-07-15,expense,Transport,Metro Card,790.97,Credit Card
txn-9aa803f599eaccfb,2023-07-17,expense,Groceries,BigBasket,2012.33,UPI
txn-c883d0f900605e3a,2023-07-17,expense,Utilities,Airtel Fiber,3020.63,Credit Card
txn-51556a6c7cd5005c,2023-07-18,expense,Shopping,Croma,2521.65,Credit Card
txn-75e828a2c9142a5a,2023-07-18,expense,Groceries,Blinkit,2580.08,Wallet
txn-1529c015cb43aaf8,2023-07-19,expense,Transport,Uber,1280.98,Credit Card
txn-9d299e8fc9908a8e,2023-07-20,expense,Utilities,Jio Mobile,3156.94,UPI
txn-fc1ad36d1ae321d6,2023-07-20,expense,Transport,Indian Oil,851.83,UPI
txn-cef9dd87c8513d7a,2023-07-21,expense,Dining,Third Wave Coffee,455.18,Credit Card
txn-023c5e30ccd2ec59,2023-07-22,expense,Dining,Zomato,2639.52,UPI
txn-045639c83579cd9d,2023-07-22,expense,Shopping,Decathlon,3467.77,UPI
txn-39eb6416284bb605,2023-07-22,expense,Groceries,Local Grocery,1550.35,Credit Card
txn-c04f919101f7b1e9,2023-07-22,expense,Dining,Swiggy,488.74,UPI
txn-faf6b6e1794f3f6c,2023-07-22,expense,Entertainment,Steam,1156.12,Credit Card
txn-4f1860fd5cbffa32,2023-07-23,expense,Entertainment,Steam,725.63,Wallet
txn-e26e169c3eeb20c8,2023-07-23,expense,Dining,Blue Tokai,1544.56,Wallet
txn-5b07a40c0a6315ba,2023-07-24,expense,Shopping,Amazon India,6412.04,Credit Card
txn-0177f6acb89c4eb2,2023-07-25,expense,Other,Laundry Point,1740.22,Debit Card
txn-459fdd735bfbd419,2023-07-26,expense,Groceries,Blinkit,1460.53,UPI
txn-3c5950bd1ce1ff1c,2023-07-27,expense,Transport,Ola,1352.87,Credit Card
txn-c4813290adee72fb,2023-07-27,expense,Other,Gift Store,1057.45,Credit Card
txn-6315616bb0c5de68,2023-07-28,income,Salary,Northstar Payroll,141633.75,Bank Transfer
txn-e3a8e11275c6cfa3,2023-08-02,expense,Groceries,BigBasket,1394.98,Net Banking
txn-b0bc309347a58c82,2023-08-03,expense,Shopping,Decathlon,1152.78,UPI
txn-d1fc67daf8979151,2023-08-04,expense,Transport,Indian Oil,541.82,Credit Card
txn-def028be8d4b59d4,2023-08-04,expense,Groceries,Local Grocery,1949.46,Wallet
txn-07caba92e4048593,2023-08-05,expense,Subscriptions,Spotify,128.28,Credit Card
txn-2a6a65c715714c52,2023-08-05,expense,Subscriptions,Netflix,699.62,Credit Card
txn-51e074656d2e1b51,2023-08-05,expense,Subscriptions,Amazon Prime,322.32,Credit Card
txn-6b74459cf7d9db2b,2023-08-05,expense,Housing,Metro Homes Rent,42265.0,Net Banking
txn-91d7e35ce0325fd0,2023-08-05,expense,Entertainment,BookMyShow,713.16,Wallet
txn-f5c82e438d4fc7a8,2023-08-05,expense,Entertainment,NCPA,952.2,UPI
txn-cf8fa393b28a38a6,2023-08-06,expense,Groceries,Local Grocery,1121.76,UPI
txn-155469ac2302674d,2023-08-07,expense,Transport,Metro Card,535.83,UPI
txn-2a77a0b584d81319,2023-08-07,expense,Subscriptions,Google One,226.38,Credit Card
txn-fbf6184db77d219a,2023-08-07,expense,Transport,Indian Oil,1077.62,Debit Card
txn-3e9c36331004a249,2023-08-08,expense,Dining,Zomato,1212.54,Debit Card
txn-f3f0e720954ea717,2023-08-08,expense,Transport,Metro Card,383.32,UPI
txn-6e892094f06a83c2,2023-08-11,expense,Shopping,Amazon India,2138.46,UPI
txn-4ad6d9123abb27f4,2023-08-12,expense,Dining,Third Wave Coffee,2049.77,Debit Card
txn-99fdde8578b2919a,2023-08-12,expense,Shopping,Croma,1479.75,Credit Card
txn-435d36ee9dbfd7fb,2023-08-13,expense,Dining,Blue Tokai,1153.84,UPI
txn-2a2e7612beb4a439,2023-08-14,expense,Other,Stationery Hub,1793.96,Credit Card
txn-a8209194245d0169,2023-08-15,expense,Education,Coursera,2932.14,Debit Card
txn-ed13d85cc7042621,2023-08-15,expense,Entertainment,NCPA,1958.76,Debit Card
txn-3e4f22dacce1f4a6,2023-08-17,expense,Groceries,Local Grocery,1193.61,UPI
txn-9cfdc89d09779c59,2023-08-17,expense,Groceries,Star Bazaar,2190.47,UPI
txn-9cf5e907e39633c0,2023-08-18,expense,Shopping,Croma,4251.06,Credit Card
txn-8ce83180b3e423c9,2023-08-19,expense,Utilities,Airtel Fiber,2074.02,Wallet
txn-97d2953c00ba26ae,2023-08-19,expense,Groceries,Nature Basket,1135.18,Wallet
txn-88fac7f7deba0bcc,2023-08-20,expense,Groceries,Local Grocery,1227.94,Credit Card
txn-90246980e1bf397f,2023-08-20,expense,Utilities,Tata Power,2761.82,UPI
txn-ba966286fb033b5d,2023-08-20,expense,Education,Coursera,2486.85,Credit Card
txn-f6b6563376453656,2023-08-21,expense,Groceries,Blinkit,842.25,UPI
txn-ed32c937f6407bb2,2023-08-22,expense,Transport,Ola,813.54,UPI
txn-76adf024de560ecd,2023-08-24,expense,Utilities,Tata Power,1483.9,Credit Card
txn-a8f0d4c210848bc8,2023-08-26,expense,Healthcare,Apollo Pharmacy,4525.31,UPI
txn-ac81466a40a22ecf,2023-08-27,expense,Dining,Blue Tokai,1495.43,UPI
txn-c8e5b60729062281,2023-08-27,expense,Travel,Air India Express,7485.15,UPI
txn-41d6c2099cffd5a4,2023-08-28,income,Salary,Northstar Payroll,144473.38,Bank Transfer
txn-536f9c723554d5ed,2023-09-01,expense,Utilities,Jio Mobile,3508.05,Credit Card
txn-eade23f9ef2e8fe8,2023-09-01,expense,Groceries,BigBasket,762.28,Debit Card
txn-302238c769b7f4b3,2023-09-02,expense,Dining,Barbeque Nation,1922.07,Credit Card
txn-57edbeaa5c5f53dd,2023-09-02,expense,Travel,Air India Express,3437.47,UPI
txn-ee09c4157b834db1,2023-09-02,expense,Groceries,Blinkit,2399.01,Credit Card
txn-1654e21efc539688,2023-09-03,expense,Subscriptions,Google One,227.64,Credit Card
txn-7fb098dfa8aca54d,2023-09-04,expense,Utilities,Mahanagar Gas,4052.4,Credit Card
txn-a2cc43f610753cee,2023-09-04,expense,Subscriptions,Netflix,703.52,Credit Card
txn-ba7807bdfc68f951,2023-09-04,expense,Shopping,Amazon India,3881.82,Cash
txn-622430d267e9cb41,2023-09-05,expense,Subscriptions,Amazon Prime,324.12,Credit Card
txn-7b8babb2d3520d0f,2023-09-05,expense,Housing,Metro Homes Rent,42265.0,Net Banking
txn-1690baaed9bc8015,2023-09-06,expense,Subscriptions,Spotify,129.0,Credit Card
txn-36f10086c6c1d23a,2023-09-06,expense,Shopping,Myntra,1519.19,UPI
txn-46a23da958da8cb3,2023-09-06,expense,Transport,Ola,721.2,Credit Card
txn-afd5bb88fe59f9fa,2023-09-07,expense,Groceries,Blinkit,828.88,Debit Card
txn-fa5955eaa0771c64,2023-09-07,expense,Transport,Indian Oil,962.19,UPI
txn-ad2bdbdfc9862317,2023-09-09,expense,Groceries,BigBasket,1100.11,UPI
txn-e1f0351d2b54388a,2023-09-09,expense,Travel,IRCTC,7983.1,UPI
txn-3b2ee984d20b406d,2023-09-11,expense,Utilities,BESCOM,2960.28,Debit Card
txn-c23ed2fa70da23bf,2023-09-11,expense,Groceries,Nature Basket,2669.8,Net Banking
txn-37531ec6eb7f7564,2023-09-14,expense,Transport,Indian Oil,1119.36,UPI
txn-77a31fe8dad10d5c,2023-09-15,expense,Other,Stationery Hub,518.82,Debit Card
txn-8dc0d7d6fe9db47e,2023-09-16,expense,Dining,Third Wave Coffee,1378.26,Debit Card
txn-f73082b756fab89f,2023-09-16,expense,Entertainment,PVR Cinemas,1013.69,Net Banking
txn-4a8120b214682de8,2023-09-17,expense,Education,Kindle Store,1434.62,UPI
txn-6149011db1133f80,2023-09-17,expense,Groceries,Local Grocery,1250.41,UPI
txn-b086c5d8b388be49,2023-09-17,expense,Groceries,Local Grocery,1674.83,UPI
txn-e922ec9ea52059b1,2023-09-17,expense,Entertainment,BookMyShow,2244.17,Credit Card
txn-65a6bcc104b986c7,2023-09-18,income,Freelance,Independent Client,26681.48,Bank Transfer
txn-748672d32b65bfcf,2023-09-21,expense,Other,Laundry Point,1030.69,UPI
txn-9939db9d4cfa36f3,2023-09-21,expense,Healthcare,Apollo Pharmacy,1641.61,Debit Card
txn-48456de2b4474321,2023-09-22,expense,Groceries,Blinkit,1633.96,Cash
txn-b3f0f4e566d667e0,2023-09-22,expense,Shopping,Nykaa,4679.14,UPI
txn-6f344fa0fcd03a85,2023-09-23,expense,Dining,Swiggy,1424.04,Debit Card
txn-7f36a01f1d7cd338,2023-09-23,expense,Dining,Swiggy,2053.96,Cash
txn-3e948afdecce6c4a,2023-09-24,expense,Transport,Metro Card,953.11,Debit Card
txn-64e99d11be4e5343,2023-09-24,expense,Dining,Blue Tokai,1222.09,Credit Card
txn-a11d2dedaf9d5732,2023-09-24,expense,Transport,Rapido,837.98,UPI
txn-a5446d238c8faead,2023-09-24,expense,Healthcare,Practo,1401.15,Credit Card
txn-10b55035fb1f2bec,2023-09-25,expense,Shopping,Decathlon,4625.35,UPI
txn-4aa2e91b3739815c,2023-09-26,income,Bonus,Northstar Payroll,41632.2,Bank Transfer
txn-5a42f746c116bcd5,2023-09-26,expense,Transport,Metro Card,322.77,UPI
txn-94dc4c29242b77a9,2023-09-26,expense,Groceries,Nature Basket,1237.83,Credit Card
txn-7386918dafa8968f,2023-09-28,income,Salary,Northstar Payroll,143768.29,Bank Transfer
txn-28dd503bfa06c16f,2023-10-01,expense,Shopping,Amazon India,3378.69,UPI
txn-5823c1ef91182a7b,2023-10-01,expense,Entertainment,Steam,1370.21,UPI
txn-846b4fefc92e372a,2023-10-01,expense,Dining,Third Wave Coffee,2024.46,UPI
txn-9b96def1dc694983,2023-10-01,expense,Dining,Swiggy,1503.19,Credit Card
txn-c510603ce248c17f,2023-10-02,expense,Utilities,BESCOM,2924.09,Debit Card
txn-04c2d7662a5131ca,2023-10-03,expense,Groceries,BigBasket,1512.39,Credit Card
txn-98232aef6d2508de,2023-10-04,expense,Groceries,Star Bazaar,2253.18,Credit Card
txn-d6461e2bcbc6e888,2023-10-04,expense,Other,Stationery Hub,965.02,UPI
txn-25cc23d751738719,2023-10-05,expense,Subscriptions,Amazon Prime,325.91,Credit Card
txn-a13bd2eed184abb2,2023-10-05,expense,Utilities,Airtel Fiber,3247.27,Credit Card
txn-ed6d1890ea6ba5d3,2023-10-05,expense,Housing,Metro Homes Rent,42265.0,Net Banking
txn-a4c4b0aa2bb1a2da,2023-10-06,expense,Groceries,Local Grocery,1562.24,UPI
txn-c0baa390bb5f0417,2023-10-06,expense,Shopping,Croma,2342.12,Wallet
txn-60eee49b58add697,2023-10-07,expense,Travel,Oyo Rooms,820.54,Credit Card
txn-68df8c99bad4865f,2023-10-07,expense,Dining,Barbeque Nation,741.63,UPI
txn-a865cec54c55b2bb,2023-10-07,expense,Entertainment,Steam,2348.92,Credit Card
txn-b8c4e58684d5ef1e,2023-10-07,expense,Subscriptions,Netflix,707.41,Credit Card
txn-b8dcb4d2b0e28f92,2023-10-07,expense,Shopping,Amazon India,2639.71,Debit Card
txn-d746d7f253feefdb,2023-10-07,expense,Transport,Rapido,891.24,UPI
txn-fe9a74a0579b4210,2023-10-07,expense,Transport,Uber,893.6,Net Banking
txn-1ba96d774ab10246,2023-10-08,expense,Subscriptions,Google One,228.9,Credit Card
txn-248c9066b62ef6dc,2023-10-08,expense,Groceries,Blinkit,1392.06,Credit Card
txn-3d7398b42d450506,2023-10-08,expense,Transport,Indian Oil,1132.97,Credit Card
txn-e950096e926af7b2,2023-10-08,expense,Subscriptions,Spotify,129.71,Credit Card
txn-5bf88b552d336daa,2023-10-10,expense,Shopping,Nykaa,4390.11,UPI
txn-98290611ad704b70,2023-10-12,expense,Groceries,Local Grocery,1719.21,Credit Card
txn-56ef0cf694ced87f,2023-10-14,expense,Entertainment,NCPA,986.68,Debit Card
txn-89e7ea5199b03673,2023-10-14,expense,Groceries,BigBasket,459.77,Credit Card
txn-1a59bac71e81ceb4,2023-10-15,expense,Entertainment,PVR Cinemas,2061.16,UPI
txn-1ae86fbc80fd3b74,2023-10-15,expense,Transport,Ola,1136.37,Wallet
txn-27bc03d3277999d6,2023-10-17,expense,Other,Laundry Point,1756.08,Net Banking
txn-4670d46c7eb7beca,2023-10-17,expense,Healthcare,HealthKart,1893.32,UPI
txn-98d8783749e5ff6c,2023-10-18,expense,Groceries,Blinkit,1576.86,UPI
txn-c796b57dc95cb62d,2023-10-18,expense,Education,Udemy,1549.8,Credit Card
txn-29ec691bc1a26c6b,2023-10-19,expense,Utilities,Jio Mobile,2728.1,Credit Card
txn-fb99937b9fc09dea,2023-10-20,expense,Groceries,Star Bazaar,728.51,Debit Card
txn-1d5cfe9ca5c8198f,2023-10-21,expense,Transport,Uber,190.79,Wallet
txn-424ffc9fb6a3a50e,2023-10-22,expense,Dining,Blue Tokai,2483.51,Credit Card
txn-728c220649795ee2,2023-10-22,expense,Travel,Air India Express,8453.83,Debit Card
txn-8ee3aec183fb2349,2023-10-24,expense,Transport,Indian Oil,1333.62,Net Banking
txn-e36fb06febb4310a,2023-10-25,expense,Utilities,Jio Mobile,2345.31,Cash
txn-685d32c880144324,2023-10-27,expense,Groceries,Local Grocery,2138.43,Credit Card
txn-73ddb91f675834d1,2023-10-27,expense,Transport,Uber,799.9,Credit Card
txn-be64f1e7589a74b6,2023-10-28,income,Salary,Northstar Payroll,147620.36,Bank Transfer
txn-1a21dd23eea5f799,2023-11-01,expense,Healthcare,Practo,1606.02,UPI
txn-afee6a6a28eb32ec,2023-11-01,expense,Other,Stationery Hub,1548.17,Cash
txn-80b7ae53e87a1efe,2023-11-03,expense,Transport,Metro Card,1364.38,Net Banking
txn-9ee8c209ccf18f02,2023-11-04,expense,Shopping,Croma,92000.0,Credit Card
txn-1770c841cc615eff,2023-11-05,expense,Utilities,Jio Mobile,2438.06,UPI
txn-43dc3d3266a7fc46,2023-11-05,expense,Subscriptions,Spotify,130.42,Credit Card
txn-b83aae956e852ded,2023-11-05,expense,Dining,Zomato,1917.36,Credit Card
txn-ca091db06bb0af03,2023-11-05,expense,Housing,Metro Homes Rent,42265.0,Net Banking
txn-d12f25f5a6dd41f4,2023-11-05,expense,Subscriptions,Amazon Prime,327.7,Credit Card
txn-0c766f7f50ee07a1,2023-11-06,expense,Transport,Ola,886.73,Wallet
txn-ae4885dfb83cadea,2023-11-06,expense,Shopping,Croma,3953.28,Net Banking
txn-1e4efe0385e4aca7,2023-11-08,expense,Shopping,Amazon India,3404.39,Wallet
txn-bff6781c7ba54db6,2023-11-08,expense,Subscriptions,Netflix,711.3,Credit Card
txn-fce4d8a162fc370a,2023-11-08,expense,Subscriptions,Google One,230.16,Credit Card
txn-62787bd2258c794b,2023-11-09,expense,Travel,Air India Express,2656.5,UPI
txn-d107d4b07d95cd2e,2023-11-09,expense,Groceries,Star Bazaar,1121.28,Net Banking
txn-31c6f08d15b574e7,2023-11-10,expense,Healthcare,Apollo Pharmacy,3421.22,UPI
txn-3c3676368a3c4905,2023-11-10,expense,Utilities,BESCOM,4145.0,UPI
txn-1842150c98f42d1f,2023-11-12,expense,Groceries,Star Bazaar,1443.25,Credit Card
txn-2ea6bf5489085ef8,2023-11-12,expense,Dining,Blue Tokai,1426.45,Credit Card
txn-20ac4873083a533a,2023-11-13,expense,Transport,Rapido,610.14,UPI
txn-49aed9c81938aef0,2023-11-18,expense,Entertainment,NCPA,1465.86,Credit Card
txn-a276402443d5721c,2023-11-18,expense,Transport,Rapido,456.67,UPI
txn-e304edc7789457cd,2023-11-18,expense,Dining,Swiggy,785.58,Credit Card
txn-eb371970bb5f1dc8,2023-11-19,expense,Dining,Blue Tokai,1349.72,UPI
txn-420a0f0e50bac3cf,2023-11-20,expense,Transport,Ola,279.82,UPI
txn-d0a0f34f66742bb7,2023-11-20,expense,Groceries,Nature Basket,2061.58,UPI
txn-9e8c6b5fdf1e08cf,2023-11-21,expense,Groceries,Local Grocery,1789.51,Cash
txn-b577124015767e49,2023-11-21,expense,Utilities,Mahanagar Gas,1803.03,UPI
txn-1b80ce3f7c141570,2023-11-22,expense,Education,Skillshare,2043.06,Credit Card
txn-1fa31472f4045622,2023-11-23,expense,Groceries,BigBasket,187.29,Credit Card
txn-6daed930434f8c67,2023-11-23,expense,Utilities,Tata Power,2269.19,Credit Card
txn-8b370420d3635b62,2023-11-23,expense,Groceries,BigBasket,1563.85,Credit Card
txn-9ba354a6fa16b101,2023-11-25,expense,Entertainment,PVR Cinemas,1662.29,Credit Card
txn-7a6ee46d159e4e06,2023-11-26,expense,Entertainment,Steam,1197.33,UPI
txn-a979740a716c4864,2023-11-26,expense,Travel,Oyo Rooms,4429.89,UPI
txn-25dd0d5825a5a522,2023-11-27,expense,Groceries,Blinkit,1843.06,Credit Card
txn-85d60c0d3b612139,2023-11-28,income,Salary,Northstar Payroll,145146.96,Bank Transfer
txn-1f262b5fb0c0ac85,2023-12-02,expense,Transport,Metro Card,545.68,UPI
txn-3f866c37c988a0a8,2023-12-02,expense,Entertainment,NCPA,1914.13,UPI
txn-86bb2867c814e73d,2023-12-02,expense,Subscriptions,Netflix,715.2,Credit Card
txn-9229633a3a489d62,2023-12-02,expense,Dining,Zomato,2107.24,Cash
txn-a5acc89a078f33af,2023-12-02,expense,Dining,Blue Tokai,1235.26,Credit Card
txn-b21d565513fc7ceb,2023-12-02,expense,Subscriptions,Spotify,131.14,Credit Card
txn-c057b1e9c1514311,2023-12-02,expense,Subscriptions,Google One,231.42,Credit Card
txn-2461ddf3fe436cab,2023-12-03,expense,Dining,Swiggy,2582.42,UPI
txn-205dea273a8bec8c,2023-12-04,expense,Other,Society Office,1652.28,Credit Card
txn-2b078c5ead209c79,2023-12-05,expense,Utilities,Jio Mobile,2728.71,Credit Card
txn-41ce5496040dc23b,2023-12-05,expense,Housing,Metro Homes Rent,42265.0,Net Banking
txn-44fbc7c21be81c17,2023-12-05,expense,Subscriptions,Amazon Prime,329.5,Credit Card
txn-538cc6df7057e7de,2023-12-05,expense,Transport,Rapido,251.96,Net Banking
txn-b99d0f5d76373407,2023-12-05,expense,Groceries,Star Bazaar,1733.41,Credit Card
txn-d4854a3a7dd6d20a,2023-12-05,expense,Utilities,Mahanagar Gas,2900.25,Credit Card
txn-f3c6e5be8183b9b6,2023-12-06,expense,Groceries,Blinkit,1415.32,UPI
txn-584c62cdc2d1b2ad,2023-12-07,expense,Shopping,Myntra,5021.17,UPI
txn-8de74e6d345643ca,2023-12-07,expense,Education,Udemy,2708.46,Credit Card
txn-d5b9e85f4bd34d43,2023-12-07,expense,Groceries,Local Grocery,984.5,Credit Card
txn-a1ecc6c3e1d95bfd,2023-12-09,expense,Dining,Third Wave Coffee,1707.21,Wallet
txn-ef305ff62fadf578,2023-12-09,expense,Transport,Uber,1035.56,UPI
txn-808ca590a2e8078b,2023-12-10,expense,Shopping,Myntra,1079.41,UPI
txn-a9cb2539dbf44100,2023-12-10,expense,Groceries,Star Bazaar,2479.46,UPI
txn-b04e8405fd028ae4,2023-12-11,expense,Groceries,Local Grocery,2199.69,Credit Card
txn-cb233818d198134b,2023-12-11,expense,Groceries,Star Bazaar,1385.12,UPI
txn-880398f035c65f0c,2023-12-12,expense,Transport,Metro Card,940.45,UPI
txn-a83ebdddb985f8d7,2023-12-13,expense,Groceries,BigBasket,401.03,UPI
txn-6ea17f6bebbbc52e,2023-12-14,expense,Transport,Indian Oil,382.72,Debit Card
txn-643733ccbadeea10,2023-12-15,expense,Transport,Ola,462.75,UPI
txn-60b8ae179c3808d8,2023-12-16,expense,Travel,Oyo Rooms,5153.71,Net Banking
txn-cb85a87274d3217e,2023-12-17,expense,Entertainment,NCPA,1210.41,Wallet
txn-e4d20e536b5d05f2,2023-12-20,expense,Healthcare,City Clinic,1856.07,UPI
txn-10ed757c2db7579a,2023-12-23,expense,Shopping,Amazon India,4015.8,UPI
txn-5fda982a8f8055d0,2023-12-23,expense,Travel,IRCTC,7074.49,Credit Card
txn-d7ab2bb3d3f5cf54,2023-12-23,expense,Other,Society Office,1162.82,Credit Card
txn-f8ee3dca61f772d4,2023-12-23,expense,Entertainment,NCPA,1883.55,UPI
txn-5f5d3d2dfe41d422,2023-12-24,expense,Entertainment,PVR Cinemas,1681.37,Wallet
txn-6979b76215fa5f0d,2023-12-25,expense,Shopping,Amazon India,2427.72,UPI
txn-15b596b92df5dc36,2023-12-26,expense,Other,Society Office,1417.2,UPI
txn-43eefd56f9853023,2023-12-26,expense,Utilities,Tata Power,2708.17,UPI
txn-b0dc2e323ddd1bc4,2023-12-26,expense,Groceries,BigBasket,1234.51,Credit Card
txn-b7ffdf5a065a5467,2023-12-28,income,Salary,Northstar Payroll,146286.81,Bank Transfer
txn-4b5979bc0f0479de,2024-01-02,expense,Subscriptions,Spotify,131.85,Credit Card
txn-68978d84ae94b282,2024-01-02,expense,Subscriptions,Google One,232.68,Credit Card
txn-e01ea2bc63cb4b73,2024-01-03,expense,Other,Stationery Hub,1535.19,UPI
txn-905a27d2ad4d69f7,2024-01-04,expense,Shopping,Croma,3310.96,Net Banking
txn-b9d1977c40acd842,2024-01-04,expense,Groceries,Local Grocery,1266.95,Net Banking
txn-3264a5110e5ede1f,2024-01-05,expense,Housing,Metro Homes Rent,42265.0,Net Banking
txn-7ac5d27d8d3a8ceb,2024-01-05,expense,Subscriptions,Amazon Prime,331.29,Credit Card
txn-1090d5c0c872eb76,2024-01-06,expense,Entertainment,NCPA,660.29,Credit Card
txn-2742ae5cb1f8d5c0,2024-01-06,expense,Subscriptions,Netflix,719.09,Credit Card
txn-83195cca8648fc30,2024-01-06,expense,Healthcare,Practo,2071.97,UPI
txn-02895f7447f59368,2024-01-07,expense,Groceries,Blinkit,1217.1,Credit Card
txn-37b98e8ae6c6b852,2024-01-08,expense,Shopping,Croma,3907.94,Debit Card
txn-a3d4d797b6d74a58,2024-01-09,expense,Groceries,Blinkit,1918.24,Credit Card
txn-e3582ab87b84b579,2024-01-09,expense,Groceries,Blinkit,1110.91,UPI
txn-5ce7d5810bab48e5,2024-01-11,expense,Utilities,Mahanagar Gas,2824.41,UPI
txn-7e411210b9db21af,2024-01-11,income,Freelance,Independent Client,28682.85,Bank Transfer
txn-0143a90059758335,2024-01-12,expense,Groceries,Star Bazaar,1172.38,UPI
txn-4c34b749fcd32039,2024-01-13,expense,Transport,Ola,1106.19,UPI
txn-ef724b63d208131d,2024-01-13,expense,Dining,Third Wave Coffee,982.46,Credit Card
txn-4bdad9131a982eeb,2024-01-14,expense,Groceries,Blinkit,2180.32,Net Banking
txn-57128f633d061e0a,2024-01-14,expense,Dining,Zomato,1556.92,Wallet
txn-8e8ebefcb0232d0f,2024-01-15,expense,Transport,Ola,548.87,UPI
txn-108a6e75555c7eda,2024-01-16,expense,Transport,Ola,1091.34,Credit Card
txn-cf4503c693684e9c,2024-01-16,expense,Transport,Uber,1672.17,Credit Card
txn-de3a137741323b02,2024-01-17,expense,Utilities,Airtel Fiber,2431.9,UPI
txn-83f70aa1c5fbf018,2024-01-20,expense,Entertainment,PVR Cinemas,1062.33,UPI
txn-8f1ddb0242ec745a,2024-01-20,expense,Dining,Swiggy,1393.62,Credit Card
txn-97279d9571d6f394,2024-01-20,expense,Dining,Third Wave Coffee,703.21,Wallet
txn-bb0e52baccfb95ea,2024-01-20,expense,Shopping,Nykaa,4714.01,Debit Card
txn-f0ce0cff95f6c2d0,2024-01-20,expense,Dining,Blue Tokai,587.12,UPI
txn-4d53f7c269bc9580,2024-01-21,expense,Healthcare,City Clinic,1845.97,UPI
txn-518d99013747c340,2024-01-21,expense,Travel,IRCTC,378.96,Credit Card
txn-916fbb9f18a11beb,2024-01-21,expense,Other,Society Office,1117.41,UPI
txn-fe355f5e33cb0cef,2024-01-22,expense,Shopping,Croma,5285.56,Credit Card
txn-aad4b8dbd178cc63,2024-01-23,expense,Other,Laundry Point,981.95,Credit Card
txn-c46773848a8f4553,2024-01-23,expense,Transport,Indian Oil,864.71,Wallet
txn-4773989433070864,2024-01-24,expense,Transport,Indian Oil,547.7,UPI
txn-8c3b77a6c855de6b,2024-01-24,expense,Transport,Metro Card,1029.18,UPI
txn-8f00ce5b6321b5b7,2024-01-26,expense,Groceries,Blinkit,1883.04,Wallet
txn-242196c5c2f35236,2024-01-27,expense,Travel,Oyo Rooms,6890.79,UPI
txn-3b52071f7b73c042,2024-01-27,expense,Groceries,Nature Basket,2205.13,Credit Card
txn-524a281d1c39b1af,2024-01-27,expense,Education,Coursera,3597.5,UPI
txn-f1e3f1ae7df171fb,2024-01-28,income,Salary,Northstar Payroll,145440.88,Bank Transfer
txn-878e8dad052a54f4,2024-02-02,expense,Subscriptions,Google One,233.94,Credit Card
txn-f91bc4c60135be3b,2024-02-02,expense,Subscriptions,Netflix,722.99,Credit Card
txn-8f82818fbaf7cb8c,2024-02-03,expense,Travel,Oyo Rooms,5275.73,UPI
txn-2bec90b611245eb4,2024-02-04,expense,Transport,Uber,933.62,Credit Card
txn-6cd4441628f2e828,2024-02-04,expense,Dining,Swiggy,963.6,UPI
txn-854ee2df4aab2638,2024-02-04,expense,Entertainment,PVR Cinemas,1974.59,UPI
txn-932001defe770a15,2024-02-04,expense,Subscriptions,Amazon Prime,333.09,Credit Card
txn-9f84a0dc107d019e,2024-02-05,expense,Groceries,Blinkit,2168.54,UPI
txn-fd29c1196f6afd07,2024-02-05,expense,Housing,Metro Homes Rent,42265.0,Net Banking
txn-d1e54e8d3773ee28,2024-02-07,expense,Subscriptions,Spotify,132.57,Credit Card
txn-2366a92cbfa3dd45,2024-02-08,expense,Transport,Ola,1046.45,Credit Card
txn-39d7782f1bccf968,2024-02-08,expense,Groceries,Local Grocery,2042.06,Debit Card
txn-1980cb6881227379,2024-02-09,expense,Transport,Rapido,730.82,Wallet
txn-ece1d6417c0e6fde,2024-02-09,expense,Utilities,Jio Mobile,2959.36,UPI
txn-0dac26cb48d3b63a,2024-02-10,expense,Utilities,BESCOM,1576.03,UPI
txn-421f6d59c36a5415,2024-02-10,expense,Dining,Third Wave Coffee,2309.77,UPI
txn-472e485eac05a67c,2024-02-10,expense,Dining,Swiggy,3108.31,Debit Card
txn-9b6ba75a9777ee9d,2024-02-10,expense,Utilities,Tata Power,3212.17,Credit Card
txn-b0b62b284c57c5fe,2024-02-10,expense,Groceries,Local Grocery,888.34,Credit Card
txn-afe98eba9481240e,2024-02-11,expense,Groceries,BigBasket,1742.7,Wallet
txn-0dd312b7542a2ca3,2024-02-12,expense,Groceries,Nature Basket,1936.14,Credit Card
txn-78bcb71cea59c2df,2024-02-12,expense,Other,Stationery Hub,205.76,Debit Card
txn-1994bcc11c6f4aac,2024-02-16,expense,Shopping,Nykaa,4191.77,UPI
txn-8d4d4180abc5fa2d,2024-02-16,expense,Groceries,BigBasket,2183.51,Credit Card
txn-a1cca83202d71d27,2024-02-16,expense,Other,Laundry Point,1581.1,UPI
txn-5d696f2fa23f72d8,2024-02-17,expense,Dining,Third Wave Coffee,1275.58,UPI
txn-1ce09760187b54cb,2024-02-19,expense,Healthcare,City Clinic,2644.96,Credit Card
txn-fe7e9daae48f55f2,2024-02-20,expense,Transport,Uber,593.07,UPI
txn-a572935521003bc8,2024-02-23,expense,Transport,Indian Oil,809.7,Credit Card
txn-28adcba957d57abd,2024-02-25,expense,Entertainment,NCPA,1642.27,UPI
txn-60bedf8324ff706a,2024-02-25,expense,Entertainment,Steam,2021.32,UPI
txn-69bf4592ebb39e77,2024-02-25,expense,Transport,Indian Oil,918.3,Credit Card
txn-c7d140c6a363ac56,2024-02-25,expense,Entertainment,PVR Cinemas,255.55,Wallet
txn-db5bb6430c6d60c9,2024-02-25,expense,Travel,MakeMyTrip,6229.31,Credit Card
txn-70e39c7319ffb2ff,2024-02-26,expense,Transport,Rapido,1210.99,UPI
txn-c87fae234a5c7127,2024-02-26,expense,Education,Skillshare,2347.61,UPI
txn-c990cb5d76b1a8c9,2024-02-26,expense,Other,Society Office,1573.05,Credit Card
txn-8ebf204e9bc88d45,2024-02-27,expense,Groceries,Blinkit,2482.95,UPI
txn-f0e8f811f96fe111,2024-02-27,expense,Shopping,Decathlon,5337.09,UPI
txn-d7c9ab01ff82046b,2024-02-28,income,Salary,Northstar Payroll,145458.24,Bank Transfer
txn-9d6b38a750bb3d52,2024-03-01,expense,Healthcare,City Clinic,1889.94,Credit Card
txn-0d15c85b0f2a1ca9,2024-03-02,expense,Subscriptions,Amazon Prime,334.88,Credit Card
txn-1252995543c35b66,2024-03-02,expense,Dining,Zomato,1603.2,UPI
txn-52006eea5714b6c0,2024-03-02,expense,Entertainment,NCPA,1398.83,Credit Card
txn-b0d95c740738be5b,2024-03-02,expense,Utilities,Tata Power,3011.47,Net Banking
txn-19495b6ab42f38e7,2024-03-03,expense,Subscriptions,Netflix,726.88,Credit Card
txn-64b9d04be988a240,2024-03-03,expense,Entertainment,NCPA,1798.3,UPI
txn-c015994a41520920,2024-03-03,expense,Groceries,Blinkit,840.72,Credit Card
txn-14c5c5c79ba3fa4d,2024-03-05,expense,Housing,Metro Homes Rent,42265.0,Net Banking
txn-2d25573ec6cce371,2024-03-06,expense,Subscriptions,Google One,235.2,Credit Card
txn-fa0c7ad074b3ae6d,2024-03-06,expense,Transport,Indian Oil,564.48,Wallet
txn-e9f194d0a07b89e0,2024-03-07,expense,Subscriptions,Spotify,133.28,Credit Card
txn-f1e2097cd5bf94b5,2024-03-07,expense,Transport,Metro Card,370.41,UPI
txn-8937c552b6f47edd,2024-03-08,expense,Transport,Rapido,817.34,Debit Card
txn-0cd2562b734370fb,2024-03-09,expense,Dining,Third Wave Coffee,211.71,UPI
txn-0d413ade9c32ec8c,2024-03-10,expense,Entertainment,PVR Cinemas,1455.69,Credit Card
txn-1c16af2dc1129b8d,2024-03-10,expense,Dining,Barbeque Nation,662.89,UPI
txn-3694f578005e89f0,2024-03-11,expense,Groceries,Star Bazaar,1894.8,Credit Card
txn-ad34d876ecce0726,2024-03-11,expense,Transport,Ola,954.74,UPI
txn-efe0875344f728a4,2024-03-11,expense,Transport,Uber,710.73,UPI
txn-1e3555bb2ad1ef1f,2024-03-13,expense,Other,Stationery Hub,2119.52,UPI
txn-83d53ef035fffb52,2024-03-15,expense,Groceries,Local Grocery,1377.57,Wallet
txn-cb9e278fc528b535,2024-03-15,expense,Utilities,Mahanagar Gas,3426.61,Credit Card
txn-0cbdcc430a57d577,2024-03-16,expense,Entertainment,NCPA,1381.37,Debit Card
txn-3cdf12eaac7d20a7,2024-03-17,expense,Dining,Swiggy,1810.41,Credit Card
txn-42fc3e53f8ab6fc4,2024-03-17,expense,Dining,Barbeque Nation,1422.62,Wallet
txn-970cc5e9cfee120b,2024-03-17,expense,Groceries,BigBasket,1757.74,UPI
txn-a1d0998efd8b0dda,2024-03-17,expense,Travel,MakeMyTrip,8366.62,Credit Card
txn-0dfb1f7efd4a1d02,2024-03-18,expense,Shopping,Myntra,4646.75,UPI
txn-999d22b6e8b4aad0,2024-03-18,expense,Groceries,Blinkit,1753.34,Debit Card
txn-208dde700ac92f76,2024-03-20,expense,Shopping,Decathlon,5077.61,Net Banking
txn-a0c2bb97e64ac458,2024-03-20,income,Bonus,Northstar Payroll,36504.34,Bank Transfer
txn-a28443164bd7350c,2024-03-20,expense,Groceries,BigBasket,2248.11,Wallet
txn-5c4282db43a2bfcd,2024-03-22,expense,Groceries,Blinkit,1888.95,Credit Card
txn-a217cfb1f457f3d1,2024-03-23,expense,Transport,Ola,955.29,Wallet
txn-b4f529a7bd7602fa,2024-03-23,expense,Transport,Metro Card,1140.24,UPI
txn-b8964001fc997678,2024-03-23,expense,Utilities,Mahanagar Gas,2734.82,Credit Card
txn-76e869789b16d69a,2024-03-24,expense,Travel,MakeMyTrip,8580.8,UPI
txn-e95e1dad9fdcd378,2024-03-24,expense,Shopping,Nykaa,3946.87,Credit Card
txn-28943ca7927c9386,2024-03-26,expense,Education,Skillshare,3684.69,UPI
txn-9a1d6d1300acc5b6,2024-03-28,income,Salary,Northstar Payroll,149160.15,Bank Transfer
txn-66d1e614ce738ef5,2024-04-02,expense,Healthcare,Practo,772.44,Wallet
txn-26e896d6e5b3e5d2,2024-04-03,expense,Groceries,Blinkit,2160.9,UPI
txn-9347ae84327083b1,2024-04-03,expense,Shopping,Nykaa,4111.92,Credit Card
txn-fc19cd96e8bb25b9,2024-04-04,expense,Transport,Uber,298.73,Credit Card
txn-216320b30fc01ad1,2024-04-05,expense,Subscriptions,Google One,236.46,Credit Card
txn-37e755de05da2658,2024-04-05,expense,Housing,Metro Homes Rent,42265.0,Net Banking
txn-99da4624ec02b809,2024-04-06,expense,Subscriptions,Netflix,730.77,Credit Card
txn-f745005d1f0ef010,2024-04-06,expense,Dining,Blue Tokai,2258.35,UPI
txn-0ed0f58b0e5d4472,2024-04-07,expense,Subscriptions,Amazon Prime,336.67,Credit Card
txn-0f7cd86320708bc8,2024-04-07,expense,Subscriptions,Spotify,133.99,Credit Card
txn-be230999a6084265,2024-04-07,expense,Entertainment,BookMyShow,1361.83,Wallet
txn-e788dddb18af426e,2024-04-08,expense,Transport,Uber,1225.56,Credit Card
txn-cccf51e57ae16d44,2024-04-09,expense,Education,Coursera,1088.57,Credit Card
txn-e90b3a645a9d779b,2024-04-11,expense,Groceries,Local Grocery,1882.71,UPI
txn-7400e37032466764,2024-04-13,expense,Transport,Metro Card,747.96,Debit Card
txn-960881a002d2c3c0,2024-04-13,expense,Travel,Air India Express,2355.96,UPI
txn-95a2656ab82a6051,2024-04-14,expense,Entertainment,BookMyShow,1305.32,Wallet
txn-345f6284db35e01b,2024-04-16,expense,Utilities,BESCOM,4325.37,Net Banking
txn-c2d00fb7e0896beb,2024-04-16,income,Freelance,Independent Client,21067.42,Bank Transfer
txn-2366ea027505f413,2024-04-18,expense,Transport,Indian Oil,884.36,UPI
txn-663bd937c8d5cf50,2024-04-18,expense,Shopping,Croma,2563.87,Credit Card
txn-e9c69e2d0605bde1,2024-04-19,expense,Utilities,Jio Mobile,3573.29,UPI
txn-03af736027c9fab3,2024-04-20,expense,Groceries,BigBasket,2503.5,Wallet
txn-48b0998bf0f3fc74,2024-04-20,expense,Dining,Third Wave Coffee,1618.18,Debit Card
txn-6644c0f30ed159a5,2024-04-20,expense,Dining,Zomato,1458.79,UPI
txn-8587114e47922785,2024-04-20,expense,Utilities,BESCOM,3407.12,Credit Card
txn-f161cebbfca7866b,2024-04-20,expense,Groceries,Nature Basket,1232.52,UPI
txn-5f3c20e4ee3e08a2,2024-04-21,expense,Entertainment,NCPA,412.33,UPI
txn-5103c3a53d908340,2024-04-22,expense,Groceries,Star Bazaar,1533.69,Credit Card
txn-95dc4e4899be9466,2024-04-22,expense,Groceries,Star Bazaar,1699.64,Debit Card
txn-da585a5ead334385,2024-04-22,expense,Other,Gift Store,1722.4,Credit Card
txn-4e19d13e9139e80a,2024-04-23,expense,Transport,Rapido,1063.37,Credit Card
txn-bbacb5b6fd55586b,2024-04-24,expense,Groceries,BigBasket,1461.85,UPI
txn-c4ac6700ad7c9626,2024-04-24,expense,Transport,Ola,1052.54,Wallet
txn-354586325c503cc6,2024-04-26,expense,Groceries,Local Grocery,1915.34,UPI
txn-428161248f0ad60c,2024-04-26,expense,Transport,Metro Card,807.93,UPI
txn-ae6f4a5c1e5797b8,2024-04-27,expense,Dining,Barbeque Nation,890.88,Credit Card
txn-c3b3f58f5fac5ba5,2024-04-28,income,Salary,Northstar Payroll,149976.3,Bank Transfer
txn-9118f13aa7fea74d,2024-05-01,expense,Groceries,Star Bazaar,1946.97,UPI
txn-6257578f40e4958b,2024-05-02,expense,Shopping,Myntra,3477.39,Credit Card
txn-037be6fd900a2993,2024-05-03,expense,Education,Kindle Store,4158.28,Cash
txn-0600df72bc39e6a7,2024-05-04,expense,Other,Gift Store,1775.35,UPI
txn-5e8857fc6c5eccb3,2024-05-05,expense,Dining,Blue Tokai,1663.19,Credit Card
txn-d6c72091fcb35a2b,2024-05-05,expense,Housing,Metro Homes Rent,42265.0,Net Banking
txn-de5e70c54af51746,2024-05-05,expense,Groceries,Blinkit,1570.04,Credit Card
txn-747947fb568c161c,2024-05-06,expense,Subscriptions,Amazon Prime,338.47,Credit Card
txn-9c393db3a303b5d1,2024-05-06,expense,Shopping,Amazon India,5759.74,Wallet
txn-e7ca48b404d993b5,2024-05-06,expense,Subscriptions,Spotify,134.71,Credit Card
txn-afaef2d47339eded,2024-05-07,expense,Subscriptions,Google One,237.72,Credit Card
txn-b7bd5db6d4088375,2024-05-07,expense,Groceries,BigBasket,1187.73,Credit Card
txn-e80fcc38d96ec4f0,2024-05-07,expense,Subscriptions,Netflix,734.67,Credit Card
txn-08c13f193010ace7,2024-05-09,expense,Transport,Indian Oil,547.58,Cash
txn-8423a060b7602dc0,2024-05-09,expense,Transport,Uber,776.12,Debit Card
txn-f72c3542bf8fb2fd,2024-05-09,expense,Utilities,Mahanagar Gas,4190.09,Credit Card
txn-062833c2822b9b30,2024-05-11,expense,Entertainment,PVR Cinemas,757.5,Wallet
txn-65880caf7d8c1f0b,2024-05-11,expense,Utilities,Tata Power,3287.44,Wallet
txn-85f0a70de59a74c7,2024-05-11,expense,Dining,Zomato,621.71,Debit Card
txn-ce6623f1012cfa19,2024-05-11,expense,Groceries,Blinkit,2165.9,Wallet
txn-fec33c88b677de67,2024-05-11,expense,Transport,Ola,717.31,Credit Card
txn-575950ece3bc50ef,2024-05-12,expense,Transport,Rapido,676.21,UPI
txn-365a6f58a8381570,2024-05-13,expense,Travel,Air India Express,4581.99,UPI
txn-408806d0eb8576b9,2024-05-14,expense,Healthcare,City Clinic,2288.43,UPI
txn-84a45d1a0d05c153,2024-05-18,expense,Dining,Zomato,1853.05,Wallet
txn-2ff4d6d57bbf7ef1,2024-05-19,expense,Dining,Third Wave Coffee,2006.7,Wallet
txn-53fe9ee2d62b8e0d,2024-05-19,expense,Groceries,Local Grocery,1600.96,Credit Card
txn-cda24aa52a926a3d,2024-05-19,expense,Entertainment,BookMyShow,1506.36,UPI
txn-fe240aa1f1c217d6,2024-05-19,expense,Entertainment,BookMyShow,944.5,Credit Card
txn-5dc374e6ef38aac8,2024-05-20,expense,Groceries,Nature Basket,1265.68,UPI
txn-d2456e161c2df55b,2024-05-20,expense,Other,Gift Store,1000.87,UPI
txn-2d515d2d477e1446,2024-05-22,expense,Groceries,Nature Basket,2307.05,Credit Card
txn-ecfba27be89fd782,2024-05-24,expense,Groceries,Star Bazaar,2196.82,UPI
txn-79c98c7eb60c53c3,2024-05-25,expense,Transport,Uber,863.46,Credit Card
txn-cfc18b18ffc39b9c,2024-05-25,expense,Groceries,Star Bazaar,1405.13,UPI
txn-23904330b7f14609,2024-05-26,expense,Dining,Blue Tokai,880.57,Credit Card
txn-36da40e1f31d25c8,2024-05-26,expense,Transport,Ola,1391.41,UPI
txn-c51c08b3de588df2,2024-05-26,expense,Dining,Barbeque Nation,493.97,Debit Card
txn-1a28d72603700ad1,2024-05-27,expense,Shopping,Croma,4637.22,Credit Card
txn-0f97fad635a8d01e,2024-05-28,income,Salary,Northstar Payroll,152073.54,Bank Transfer
txn-3574aa927d01751e,2024-05-30,expense,Travel,MakeMyTrip,118000.0,Credit Card
txn-36f66b015604a8e1,2024-06-02,expense,Groceries,Local Grocery,1404.68,Cash
txn-a51fde7df34f340a,2024-06-02,expense,Subscriptions,Amazon Prime,340.26,Credit Card
txn-cb7045edd0b0a529,2024-06-02,expense,Education,Kindle Store,2019.27,Net Banking
txn-ed7ffd888da2ab78,2024-06-02,expense,Transport,Indian Oil,1100.74,Debit Card
txn-59ae7640e3dc2a41,2024-06-03,expense,Subscriptions,Netflix,738.56,Credit Card
txn-94340b4af913aea8,2024-06-04,expense,Subscriptions,Google One,238.98,Credit Card
txn-2052ef6aede69a08,2024-06-05,expense,Housing,Metro Homes Rent,42265.0,Net Banking
txn-b6f7ba0055ca5e99,2024-06-06,expense,Subscriptions,Spotify,135.42,Credit Card
txn-118339b3a01b3005,2024-06-07,expense,Shopping,Croma,2885.99,UPI
txn-cb0c360d6216b12d,2024-06-07,expense,Utilities,Jio Mobile,2485.27,Credit Card
txn-104ead9d5703e34c,2024-06-09,expense,Entertainment,BookMyShow,1461.71,Cash
txn-2cc833e79c0b95cc,2024-06-09,expense,Dining,Swiggy,515.78,UPI
txn-97019e75a7a1046f,2024-06-09,expense,Dining,Blue Tokai,1945.27,UPI
txn-b1036ea34c9ebfe8,2024-06-09,expense,Entertainment,PVR Cinemas,1710.75,UPI
txn-b615d51fe503fab4,2024-06-10,expense,Groceries,Star Bazaar,1915.39,Wallet
txn-75f7189625d7e3af,2024-06-12,expense,Transport,Metro Card,695.18,UPI
txn-f5d6fc365f31ff61,2024-06-12,expense,Transport,Ola,1465.81,Wallet
txn-279d76f0acb09aab,2024-06-15,expense,Utilities,Jio Mobile,3371.18,Credit Card
txn-534bfd08f2fd77f4,2024-06-15,expense,Groceries,Nature Basket,2029.93,UPI
txn-9209c0abdc39bf58,2024-06-15,expense,Groceries,Star Bazaar,1330.84,UPI
txn-ad2c0732124c2067,2024-06-15,expense,Groceries,Nature Basket,1453.42,Credit Card
txn-e62354f91d6d7fde,2024-06-15,expense,Dining,Zomato,1091.55,UPI
txn-593e3667d19bd871,2024-06-16,expense,Entertainment,NCPA,904.74,UPI
txn-5a321ccc5439436c,2024-06-16,expense,Dining,Zomato,1841.61,UPI
txn-d4e6a9bb61b7c4b9,2024-06-16,expense,Transport,Ola,1071.68,UPI
txn-51d8fa24a0f63777,2024-06-17,expense,Shopping,Decathlon,4300.62,Credit Card
txn-ff78fe5189784d1d,2024-06-17,expense,Healthcare,City Clinic,1384.26,Cash
txn-328a1a3be5f5e3b6,2024-06-20,expense,Education,Kindle Store,2058.66,UPI
txn-2d326cc284029e32,2024-06-21,expense,Transport,Uber,912.84,UPI
txn-af1a6f1ee58658d7,2024-06-21,expense,Groceries,BigBasket,1702.48,Credit Card
txn-bf601ab8f9264d1e,2024-06-21,expense,Transport,Metro Card,747.29,Net Banking
txn-e2d74f0d6a26aca4,2024-06-21,expense,Groceries,Star Bazaar,1943.93,Credit Card
txn-18d6310393fad63e,2024-06-23,expense,Utilities,Tata Power,3616.98,UPI
txn-b6c92248f480e0b6,2024-06-23,expense,Travel,Air India Express,5886.69,Credit Card
txn-5d4c71ce95806008,2024-06-24,expense,Groceries,Blinkit,2051.21,Credit Card
txn-af4f817f25dfa83e,2024-06-24,expense,Other,Stationery Hub,824.42,UPI
txn-134c7dbef13b303d,2024-06-27,expense,Utilities,Jio Mobile,2660.53,Debit Card
txn-667fbf637655b655,2024-06-28,income,Salary,Northstar Payroll,149620.48,Bank Transfer
txn-49153b439c532359,2024-07-02,expense,Shopping,Myntra,4318.67,Credit Card
txn-fb3fde4cd1b1f6c8,2024-07-02,expense,Subscriptions,Google One,240.24,Credit Card
txn-2c54ae17b6a099e4,2024-07-03,expense,Subscriptions,Netflix,742.46,Credit Card
txn-e889742c1babb884,2024-07-03,expense,Subscriptions,Amazon Prime,342.06,Credit Card
txn-62c607e207b2c970,2024-07-04,expense,Transport,Rapido,1365.51,UPI
txn-bf7e4d82e5127982,2024-07-04,expense,Shopping,Decathlon,2841.42,Debit Card
txn-177f730f58f5bac9,2024-07-05,expense,Housing,Metro Homes Rent,45030.0,Net Banking
txn-7e13d817c704033f,2024-07-06,expense,Shopping,Amazon India,4237.25,Credit Card
txn-e0457d4b9db84b79,2024-07-06,expense,Subscriptions,Spotify,136.14,Credit Card
txn-01d179958ef31f4a,2024-07-07,expense,Transport,Ola,1380.77,Credit Card
txn-3403cba9713fae20,2024-07-07,expense,Entertainment,NCPA,1444.73,UPI
txn-3feecba4b856ee4a,2024-07-07,expense,Travel,IRCTC,6218.21,Credit Card
txn-7df521ea80f84192,2024-07-07,expense,Groceries,Local Grocery,627.1,UPI
txn-aa50772d592f515c,2024-07-07,expense,Groceries,Local Grocery,1276.41,Wallet
txn-b859d31f58279860,2024-07-08,expense,Transport,Metro Card,1027.95,Credit Card
txn-f612b3bb4a523406,2024-07-08,expense,Groceries,Nature Basket,2069.95,UPI
txn-0544fb676b4d8926,2024-07-13,expense,Entertainment,BookMyShow,1489.18,UPI
txn-6037d103881d20f2,2024-07-13,expense,Dining,Swiggy,961.76,Wallet
txn-8a12baae1527f9ad,2024-07-13,expense,Groceries,Nature Basket,1164.94,UPI
txn-a82969e85d51d3c3,2024-07-13,expense,Transport,Uber,1064.12,Debit Card
txn-f3c6a297fc566acf,2024-07-13,expense,Entertainment,BookMyShow,121.63,UPI
txn-8eb3519f77c46092,2024-07-14,expense,Dining,Third Wave Coffee,1348.1,UPI
txn-d9351e6236fde504,2024-07-14,expense,Utilities,BESCOM,3368.8,Wallet
txn-27cc005a70745925,2024-07-16,expense,Groceries,Local Grocery,1922.03,Wallet
txn-1a05ae231eb48990,2024-07-17,expense,Utilities,Mahanagar Gas,2399.35,UPI
txn-e5ddc955e211cb09,2024-07-17,expense,Utilities,Tata Power,4237.25,UPI
txn-70380f6c9bdaedd8,2024-07-18,expense,Transport,Uber,774.38,UPI
txn-a04d492a7cb5ea1b,2024-07-18,expense,Other,Stationery Hub,2454.23,Net Banking
txn-302883f0fa321dde,2024-07-19,expense,Groceries,Blinkit,3066.18,Credit Card
txn-335ba801aa4ffd9f,2024-07-19,income,Freelance,Independent Client,22301.97,Bank Transfer
txn-3e038e8ca1ed75e4,2024-07-19,expense,Healthcare,Practo,2790.72,UPI
txn-8239a1da43e8d508,2024-07-19,expense,Groceries,Blinkit,1893.46,Credit Card
txn-b4ae43b14acf27d4,2024-07-19,expense,Transport,Rapido,718.81,Credit Card
txn-9ecebd560f165104,2024-07-20,expense,Utilities,Mahanagar Gas,3030.91,Debit Card
txn-1f856a57fb7d0a3f,2024-07-21,expense,Other,Gift Store,850.59,Credit Card
txn-59cea4acc72f4089,2024-07-21,expense,Dining,Third Wave Coffee,2214.4,UPI
txn-c2acfc4de33743e8,2024-07-21,expense,Dining,Zomato,2311.41,Debit Card
txn-e22a2591df033374,2024-07-21,expense,Dining,Barbeque Nation,1969.2,UPI
txn-e9d7dd07351bfa4b,2024-07-22,expense,Groceries,Star Bazaar,1657.92,Net Banking
txn-59c6f8db71b9bfd2,2024-07-23,expense,Transport,Ola,1304.2,Credit Card
txn-3813d7e94fffd161,2024-07-24,expense,Other,Society Office,1156.68,UPI
txn-de905e4113fe835d,2024-07-25,expense,Education,Skillshare,4459.46,Credit Card
txn-ee274d1b62ff15ef,2024-07-26,expense,Healthcare,HealthKart,2815.23,UPI
txn-8e56623e549f6d03,2024-07-28,income,Salary,Northstar Payroll,153230.14,Bank Transfer
txn-cc1edbb101b87229,2024-08-01,expense,Groceries,Local Grocery,955.5,Debit Card
txn-f12ec70ff9f71268,2024-08-01,expense,Utilities,Airtel Fiber,3724.28,Credit Card
txn-457d89780538e30f,2024-08-02,expense,Other,Society Office,2105.31,UPI
txn-84428572c5c3b1c1,2024-08-02,expense,Groceries,Star Bazaar,2242.05,UPI
txn-c32d518d06544a1b,2024-08-02,expense,Groceries,Star Bazaar,2739.77,UPI
txn-08522a71e6019cf6,2024-08-03,expense,Groceries,Local Grocery,759.61,UPI
txn-241954958517916d,2024-08-03,expense,Dining,Blue Tokai,2168.14,UPI
txn-51d8344b6a48f66b,2024-08-03,expense,Transport,Ola,1023.21,UPI
txn-d1dc39c47cdd0ea5,2024-08-03,expense,Entertainment,BookMyShow,1091.67,Credit Card
txn-39384e0c107df4d8,2024-08-04,expense,Entertainment,PVR Cinemas,966.71,Cash
txn-dc7e4b80fdbab7f3,2024-08-04,expense,Dining,Third Wave Coffee,1915.33,Debit Card
txn-193b0bd5f19ab196,2024-08-05,expense,Housing,Metro Homes Rent,45030.0,Net Banking
txn-31167dde39f0422e,2024-08-05,expense,Subscriptions,Spotify,136.85,Credit Card
txn-8129b5eb2b61e516,2024-08-05,expense,Subscriptions,Google One,241.5,Credit Card
txn-93d6b52e57aab470,2024-08-05,expense,Shopping,Amazon India,4221.32,Credit Card
txn-a79fc81e5ae41979,2024-08-05,expense,Groceries,Star Bazaar,2416.1,Credit Card
txn-cd89d25632446112,2024-08-05,expense,Healthcare,Practo,718.45,UPI
txn-ac3ae0438596e0e0,2024-08-06,expense,Subscriptions,Amazon Prime,343.85,Credit Card
txn-351d71924abf99a4,2024-08-07,expense,Other,Laundry Point,842.25,Credit Card
txn-f7aa016996a1c724,2024-08-07,expense,Groceries,BigBasket,1769.61,UPI
txn-10c5fbae1f173a5f,2024-08-08,expense,Shopping,Nykaa,4720.41,UPI
txn-5c1c2324937d824f,2024-08-08,expense,Transport,Indian Oil,1867.96,UPI
txn-62efb3738ed1fc59,2024-08-08,expense,Subscriptions,Netflix,746.35,Credit Card
txn-3a827f252fbd28cb,2024-08-09,expense,Education,Coursera,1624.61,UPI
txn-456834239f81625e,2024-08-09,expense,Transport,Metro Card,791.29,UPI
txn-eceab014b50fb527,2024-08-09,expense,Shopping,Nykaa,5453.58,Credit Card
txn-0b9fb45fa0d05392,2024-08-10,expense,Healthcare,Practo,1788.55,UPI
txn-c449645b3cf1807f,2024-08-10,expense,Travel,Air India Express,7744.17,Debit Card
txn-115bd7a2088ce1b1,2024-08-11,expense,Utilities,BESCOM,2988.05,UPI
txn-76f6764110821482,2024-08-11,expense,Dining,Blue Tokai,1543.22,Wallet
txn-eedb598b5e596dd6,2024-08-11,expense,Dining,Swiggy,2725.06,UPI
txn-e2e5eef151bd51de,2024-08-15,expense,Transport,Indian Oil,282.34,Net Banking
txn-bbfd284eeb65bc71,2024-08-16,expense,Utilities,Mahanagar Gas,3402.05,Credit Card
txn-489db247dac96844,2024-08-17,expense,Travel,MakeMyTrip,8851.35,Wallet
txn-4b0c4e45b491ccce,2024-08-17,expense,Dining,Swiggy,1390.52,Credit Card
txn-2e8b0fb864d8156f,2024-08-18,expense,Transport,Ola,1061.16,Debit Card
txn-7435727c5241184b,2024-08-18,expense,Shopping,Croma,3725.51,Credit Card
txn-01858bdda2031c3f,2024-08-20,expense,Utilities,BESCOM,2526.11,UPI
txn-08acb2da5a958608,2024-08-24,expense,Other,Society Office,1654.38,UPI
txn-146201234a8484b1,2024-08-25,expense,Entertainment,PVR Cinemas,1165.85,UPI
txn-2421f76ae8e7573a,2024-08-25,expense,Dining,Third Wave Coffee,1163.65,Net Banking
txn-8c01183b98e93a89,2024-08-25,expense,Groceries,Local Grocery,1444.22,UPI
txn-fdc8c8062a0418dc,2024-08-27,expense,Transport,Ola,1163.13,Credit Card
txn-6f463c733c127cbe,2024-08-28,income,Salary,Northstar Payroll,151640.79,Bank Transfer
txn-02cb3dc182415170,2024-09-01,expense,Groceries,Nature Basket,1493.22,UPI
txn-31ab28b046461fe9,2024-09-01,expense,Shopping,Myntra,5000.04,Credit Card
txn-669df38a76587002,2024-09-01,expense,Travel,Oyo Rooms,7835.4,Debit Card
txn-ffb0f645a092898a,2024-09-01,expense,Transport,Metro Card,696.56,UPI
txn-65150fed5e4b9735,2024-09-02,expense,Subscriptions,Netflix,750.24,Credit Card
txn-041a44af7f8ba76a,2024-09-03,expense,Groceries,Blinkit,2258.46,UPI
txn-979201cfb2456201,2024-09-03,expense,Subscriptions,Spotify,137.56,Credit Card
txn-9eb32245f5f69164,2024-09-03,expense,Healthcare,City Clinic,2468.78,UPI
txn-3352619647646792,2024-09-04,expense,Transport,Metro Card,1909.75,Credit Card
txn-6553e9e39db98fa9,2024-09-04,expense,Groceries,Nature Basket,1311.72,Debit Card
txn-09422e49a7269837,2024-09-05,expense,Housing,Metro Homes Rent,45030.0,Net Banking
txn-e1553c32a22408ea,2024-09-06,expense,Subscriptions,Google One,242.76,Credit Card
txn-57e9f99013843ad7,2024-09-07,expense,Subscriptions,Amazon Prime,345.64,Credit Card
txn-9a8b91314a47bf8b,2024-09-07,expense,Entertainment,Steam,2606.73,Credit Card
txn-b648c2ef5ad8e79d,2024-09-07,expense,Transport,Uber,1147.65,Net Banking
txn-ddd8b6fab0955f71,2024-09-07,expense,Dining,Swiggy,1223.47,UPI
txn-e31e09d092e68fa9,2024-09-07,expense,Travel,IRCTC,4937.25,UPI
txn-f0dcfe0b87f22a41,2024-09-08,expense,Transport,Ola,906.91,Wallet
txn-0204e44427e8af98,2024-09-10,expense,Transport,Indian Oil,899.67,UPI
txn-1f1584609eff356d,2024-09-12,expense,Groceries,Local Grocery,1389.34,UPI
txn-28ea1692647b0a92,2024-09-12,expense,Other,Laundry Point,1842.21,Credit Card
txn-2738b6303c22a1f1,2024-09-14,expense,Dining,Third Wave Coffee,1089.32,Credit Card
txn-d4ab6237805a1575,2024-09-15,expense,Groceries,Blinkit,1787.82,UPI
txn-fec6bc82d72c7815,2024-09-15,expense,Dining,Blue Tokai,1710.96,UPI
txn-201c4f7b0a769ee6,2024-09-16,expense,Utilities,BESCOM,3668.93,UPI
txn-94fb1028df6f0ab9,2024-09-17,expense,Entertainment,BookMyShow,1413.01,Credit Card
txn-4912b7d41eeb9855,2024-09-19,expense,Groceries,BigBasket,2583.41,Debit Card
txn-80e7f278226d57fc,2024-09-19,expense,Dining,Blue Tokai,713.03,Debit Card
txn-822aded774840f46,2024-09-19,expense,Shopping,Croma,4902.42,UPI
txn-333993be9323aeeb,2024-09-22,expense,Shopping,Amazon India,1608.44,Wallet
txn-92fb5e367854cf20,2024-09-22,expense,Other,Gift Store,1723.88,UPI
txn-0effb27edd588249,2024-09-24,expense,Utilities,Mahanagar Gas,1971.4,Credit Card
txn-5d176b6062ef8a2a,2024-09-24,income,Bonus,Northstar Payroll,37137.83,Bank Transfer
txn-cea69598ea4a6748,2024-09-25,expense,Utilities,Mahanagar Gas,2326.6,UPI
txn-da811d3802e3d4cc,2024-09-25,expense,Groceries,Local Grocery,1983.67,Credit Card
txn-5b57a77adaf3a043,2024-09-26,expense,Groceries,Star Bazaar,1866.13,Debit Card
txn-67e14f12c0c13117,2024-09-26,expense,Transport,Ola,1070.48,UPI
txn-2cfe55017d80f3f8,2024-09-27,expense,Education,Coursera,1163.45,Debit Card
txn-e7eccb23280ed296,2024-09-27,expense,Transport,Indian Oil,1045.29,UPI
txn-dc9feef2fbfe2a32,2024-09-28,income,Salary,Northstar Payroll,150714.52,Bank Transfer
txn-916a3012991379da,2024-10-02,expense,Subscriptions,Amazon Prime,347.44,Credit Card
txn-cb6a06e3212335f3,2024-10-02,expense,Subscriptions,Google One,244.02,Credit Card
txn-07e29e9a3eb2b55a,2024-10-04,expense,Subscriptions,Netflix,754.14,Credit Card
txn-86984c298ebb442d,2024-10-05,expense,Housing,Metro Homes Rent,45030.0,Net Banking
txn-df4b919029ba93d9,2024-10-05,expense,Entertainment,BookMyShow,2120.66,Wallet
txn-37f3a1b651ba6590,2024-10-06,expense,Transport,Ola,1095.09,Wallet
txn-55d3b19470a964d1,2024-10-06,expense,Dining,Swiggy,2014.43,Net Banking
txn-8c2af437078e230d,2024-10-08,expense,Subscriptions,Spotify,138.28,Credit Card
txn-9737ee7f2840e91e,2024-10-08,expense,Groceries,Star Bazaar,1387.07,UPI
txn-313a0276bae99370,2024-10-09,expense,Other,Stationery Hub,103.41,UPI
txn-92111b43ca5f0863,2024-10-09,expense,Groceries,Nature Basket,1908.06,UPI
txn-c1c3046e9427a465,2024-10-09,expense,Transport,Uber,193.26,UPI
txn-c1cb48a723a216b6,2024-10-09,expense,Transport,Indian Oil,835.39,Credit Card
txn-7f9828b1a4b722c4,2024-10-10,expense,Groceries,Star Bazaar,1529.68,UPI
txn-bea5b8f2e3b9e013,2024-10-10,expense,Shopping,Amazon India,5347.39,Wallet
txn-5fa7a188253b454a,2024-10-11,expense,Shopping,Myntra,4325.37,Credit Card
txn-2961c5b7dcb3f119,2024-10-12,expense,Dining,Blue Tokai,1799.65,UPI
txn-21aadd205710fd6c,2024-10-13,expense,Entertainment,BookMyShow,1743.18,Credit Card
txn-86dcb44233ba7135,2024-10-13,expense,Dining,Blue Tokai,2319.06,Net Banking
txn-ce0fd944fbce76dd,2024-10-14,expense,Healthcare,Apollo Pharmacy,2449.12,Wallet
txn-e55c0c72c36be27c,2024-10-14,expense,Groceries,Local Grocery,2129.32,UPI
txn-e8188b926832ada9,2024-10-15,expense,Shopping,Amazon India,5520.57,Credit Card
txn-1ac92afcc175474c,2024-10-16,expense,Utilities,Jio Mobile,3555.83,Credit Card
txn-eec16383849d7f76,2024-10-16,expense,Utilities,Airtel Fiber,3744.72,Credit Card
txn-1a5e650604f0cd3a,2024-10-18,expense,Shopping,Croma,4896.83,UPI
txn-01cd843113bd33a0,2024-10-19,expense,Education,Kindle Store,2731.05,UPI
txn-33d06184a36c5959,2024-10-19,expense,Dining,Zomato,1613.68,Cash
txn-afb60a982901c2a5,2024-10-19,expense,Dining,Blue Tokai,1400.13,Credit Card
txn-b2c975b51cbe4064,2024-10-19,expense,Utilities,Tata Power,2620.18,UPI
txn-90206e04c4b97961,2024-10-20,expense,Entertainment,PVR Cinemas,867.37,UPI
txn-b235b1fdc42cdc65,2024-10-20,expense,Entertainment,BookMyShow,1578.09,Wallet
txn-c14cda3eded35c07,2024-10-20,expense,Groceries,Nature Basket,1063.96,Wallet
txn-c32ae7ddf6b4b5f0,2024-10-20,expense,Dining,Zomato,2193.76,Net Banking
txn-1607247ced1916f6,2024-10-23,expense,Groceries,Blinkit,2213.61,UPI
txn-49149ff3f99a7012,2024-10-23,expense,Healthcare,Apollo Pharmacy,2348.49,Credit Card
txn-bb63ea3da59359b6,2024-10-23,expense,Transport,Uber,840.14,Credit Card
txn-d55d1ec0073756c5,2024-10-24,expense,Groceries,Star Bazaar,1836.94,UPI
txn-380b830dbf1e6ad1,2024-10-25,expense,Transport,Ola,262.79,UPI
txn-1290459e378babb3,2024-10-27,expense,Travel,IRCTC,5132.4,UPI
txn-222ee611e95d123c,2024-10-27,expense,Travel,IRCTC,5562.62,Credit Card
txn-8a89dc290f89a274,2024-10-28,income,Salary,Northstar Payroll,154041.57,Bank Transfer
txn-99f32916b83f115e,2024-11-01,expense,Groceries,Nature Basket,1981.2,UPI
txn-e837e70e82403b48,2024-11-01,expense,Groceries,BigBasket,2557.65,Debit Card
txn-5b4aedb9cd4e8529,2024-11-02,expense,Subscriptions,Netflix,758.03,Credit Card
txn-e79f112957367c16,2024-11-02,expense,Dining,Barbeque Nation,2329.53,Wallet
txn-fe11729458e1cf72,2024-11-02,expense,Subscriptions,Spotify,138.99,Credit Card
txn-31c35c650e2515c4,2024-11-03,expense,Subscriptions,Amazon Prime,349.23,Credit Card
txn-3315c1c82d048a81,2024-11-03,expense,Dining,Barbeque Nation,1751.64,UPI
txn-aa1cddf2a3ae4205,2024-11-03,expense,Transport,Metro Card,1336.43,Credit Card
txn-f34fe036cd247162,2024-11-03,expense,Education,Kindle Store,2702.95,Debit Card
txn-6368de138a551df0,2024-11-04,expense,Other,Stationery Hub,1410.36,UPI
txn-39a94d5872c0bc77,2024-11-05,expense,Other,Laundry Point,1806.61,UPI
txn-6ba990805a8c9594,2024-11-05,expense,Healthcare,HealthKart,2025.6,UPI
txn-935f1ccded128ebf,2024-11-05,expense,Housing,Metro Homes Rent,45030.0,Net Banking
txn-acacc4a37fdeb733,2024-11-06,expense,Transport,Rapido,1213.24,Credit Card
txn-f9f9fa7ff38e39ae,2024-11-06,income,Freelance,Independent Client,17590.74,Bank Transfer
txn-312c0cc8cc77f6ce,2024-11-08,expense,Subscriptions,Google One,245.28,Credit Card
txn-38bb3ff9f7e936df,2024-11-08,expense,Transport,Rapido,1101.39,Net Banking
txn-5b4dd4369eed9215,2024-11-09,expense,Groceries,Blinkit,899.36,UPI
txn-5eed649419328607,2024-11-09,expense,Travel,MakeMyTrip,7061.27,Wallet
txn-7bf632b5970b5ccc,2024-11-09,expense,Entertainment,Steam,988.23,Wallet
txn-57300b96dfe8b294,2024-11-12,expense,Shopping,Decathlon,9048.41,Credit Card
txn-a19f6399daa76414,2024-11-13,expense,Transport,Metro Card,1167.92,Credit Card
txn-09caf69290e38d83,2024-11-17,expense,Dining,Third Wave Coffee,2886.62,UPI
txn-251832619d014fbe,2024-11-17,expense,Entertainment,BookMyShow,2009.03,UPI
txn-665069c1fd48c942,2024-11-17,expense,Dining,Third Wave Coffee,2592.95,Cash
txn-83e715f14ddb98b8,2024-11-17,expense,Dining,Barbeque Nation,1784.91,Credit Card
txn-ca26576c73e07452,2024-11-17,expense,Dining,Barbeque Nation,2159.4,Credit Card
txn-faaa7415838cb988,2024-11-17,expense,Other,Society Office,1594.04,Debit Card
txn-68dbd81ae238c3fc,2024-11-19,expense,Groceries,BigBasket,1576.22,Debit Card
txn-61cc24d803ec356d,2024-11-21,expense,Groceries,Nature Basket,980.94,Debit Card
txn-03e3a7cec3aa7b41,2024-11-22,expense,Healthcare,Practo,1500.01,UPI
txn-13a4955b4739c850,2024-11-22,expense,Groceries,Nature Basket,1565.68,Net Banking
txn-19f9eba19bdd44ae,2024-11-22,expense,Transport,Indian Oil,1559.36,Credit Card
txn-7ba51c6e9739fd62,2024-11-22,expense,Transport,Metro Card,864.08,Credit Card
txn-b69009abc77ea443,2024-11-22,expense,Groceries,Star Bazaar,1889.62,UPI
txn-45aad837781e0aaf,2024-11-23,expense,Utilities,Jio Mobile,3135.83,Debit Card
txn-c9af7314f8d24609,2024-11-23,expense,Groceries,Local Grocery,1425.01,Credit Card
txn-1b0622f998bd7ae1,2024-11-24,expense,Utilities,BESCOM,3175.43,Credit Card
txn-30f5f140aac8d301,2024-11-24,expense,Entertainment,PVR Cinemas,919.24,Credit Card
txn-e1345932800448b3,2024-11-24,expense,Travel,Oyo Rooms,9568.1,Cash
txn-ed77fd21cc71ff41,2024-11-24,expense,Entertainment,Steam,2796.03,Credit Card
txn-1eb30aa024ca8d7e,2024-11-27,expense,Shopping,Croma,4507.25,UPI
txn-9fe274cf4eb329af,2024-11-27,expense,Shopping,Myntra,4897.75,Wallet
txn-f990736d8a8c673c,2024-11-27,expense,Transport,Ola,401.31,Credit Card
txn-8ce0892f417fb2bc,2024-11-28,income,Salary,Northstar Payroll,153510.36,Bank Transfer
txn-9a12801226987e63,2024-12-01,expense,Groceries,Nature Basket,972.92,UPI
txn-01e1699037fd780d,2024-12-03,expense,Groceries,Star Bazaar,2197.13,UPI
txn-12261043ae5a5ac8,2024-12-03,expense,Utilities,Airtel Fiber,2639.36,Net Banking
txn-5e6c6e0cb079c4fe,2024-12-03,expense,Education,Kindle Store,2665.18,Credit Card
txn-a873146831c5853c,2024-12-03,expense,Other,Gift Store,926.7,Credit Card
txn-0c2eb736e3793c44,2024-12-04,expense,Transport,Indian Oil,1273.39,UPI
txn-0ea9b8c4af16c023,2024-12-04,expense,Transport,Rapido,866.78,Credit Card
txn-a28ace07983fdfba,2024-12-04,expense,Shopping,Croma,5345.2,UPI
txn-e357f5353bdb42cb,2024-12-04,expense,Subscriptions,Netflix,761.93,Credit Card
txn-796e6777cffb2f17,2024-12-05,expense,Housing,Metro Homes Rent,45030.0,Net Banking
txn-8e6cdf2f7524cd88,2024-12-06,expense,Groceries,Nature Basket,1879.27,UPI
txn-5fc231236f70125b,2024-12-07,expense,Travel,MakeMyTrip,6775.71,Credit Card
txn-628cd644a1ab0f0f,2024-12-07,expense,Entertainment,BookMyShow,1009.1,UPI
txn-d1a23b6ab599840a,2024-12-07,expense,Subscriptions,Google One,246.54,Credit Card
txn-f75f1af05787b588,2024-12-07,expense,Dining,Swiggy,1942.23,UPI
txn-52bb6d3ed4c4d7f6,2024-12-08,expense,Entertainment,PVR Cinemas,3027.87,UPI
txn-aee9f0ecdb019c66,2024-12-08,expense,Subscriptions,Spotify,139.71,Credit Card
txn-c021a8210e5bd5fa,2024-12-08,expense,Subscriptions,Amazon Prime,351.03,Credit Card
txn-163e135a7ff950bd,2024-12-10,expense,Dining,Third Wave Coffee,2131.56,UPI
txn-397d49388adb184f,2024-12-10,expense,Transport,Indian Oil,1433.2,Credit Card
txn-7535138c5f6510e6,2024-12-12,expense,Groceries,Blinkit,1674.66,UPI
txn-eade6cc37f7e7491,2024-12-12,expense,Utilities,Mahanagar Gas,2376.6,Credit Card
txn-09e801d827b1e5e0,2024-12-14,expense,Groceries,BigBasket,1367.71,UPI
txn-15c084f5f52a25b8,2024-12-14,expense,Dining,Zomato,2218.32,UPI
txn-53f1fd022b41558f,2024-12-14,expense,Transport,Uber,481.82,UPI
txn-74487e3dab2c8f2d,2024-12-14,expense,Travel,IRCTC,5066.34,UPI
txn-8778f25edd9eaa46,2024-12-14,expense,Shopping,Nykaa,6146.71,UPI
txn-b79ffd3fa1c95d1a,2024-12-14,expense,Groceries,BigBasket,1908.25,Debit Card
txn-723ddf1cfda92736,2024-12-15,expense,Dining,Zomato,2035.83,UPI
txn-c0d8c3da3e5cf58a,2024-12-15,expense,Dining,Swiggy,1703.74,UPI
txn-8d9617359ee27ec4,2024-12-19,expense,Shopping,Nykaa,5822.56,UPI
txn-47d2337f4802a89d,2024-12-21,expense,Transport,Rapido,1089.4,Credit Card
txn-6875f7cf3e54b580,2024-12-21,expense,Dining,Zomato,2588.04,UPI
txn-90285565efd8cfe1,2024-12-21,expense,Entertainment,BookMyShow,808.68,UPI
txn-2418799f5feea8b8,2024-12-22,expense,Groceries,Star Bazaar,1937.23,UPI
txn-e9e3ae49826634ef,2024-12-23,expense,Other,Society Office,1462.1,UPI
txn-38ceceb854905aa6,2024-12-24,expense,Groceries,Star Bazaar,1866.41,Wallet
txn-57efcc5938ed48e4,2024-12-25,expense,Healthcare,HealthKart,3375.82,Wallet
txn-6539ba9b9c920e0a,2024-12-25,expense,Transport,Ola,922.3,Credit Card
txn-811e3c48958abd15,2024-12-25,expense,Healthcare,City Clinic,1550.89,UPI
txn-95987478b120d8db,2024-12-28,income,Salary,Northstar Payroll,156039.63,Bank Transfer
txn-49d9661f0992f668,2025-01-01,expense,Transport,Ola,1143.24,UPI
txn-8cb89190d9ac840e,2025-01-03,expense,Subscriptions,Spotify,140.42,Credit Card
txn-d024d444ba943a18,2025-01-03,expense,Utilities,Jio Mobile,3505.72,UPI
txn-8fd12e021b4ece29,2025-01-04,expense,Dining,Zomato,1364.29,UPI
txn-0be080b042f851c1,2025-01-05,expense,Subscriptions,Netflix,765.82,Credit Card
txn-54791b81864872e0,2025-01-05,expense,Housing,Metro Homes Rent,45030.0,Net Banking
txn-dcd0cc2509012983,2025-01-05,expense,Groceries,Local Grocery,1734.76,Cash
txn-f0e486392b662724,2025-01-05,expense,Utilities,Airtel Fiber,2283.17,Cash
txn-fd6310fcb0bcbb09,2025-01-05,expense,Entertainment,PVR Cinemas,1068.47,UPI
txn-9f5ef0618ee491fc,2025-01-06,expense,Transport,Metro Card,641.1,UPI
txn-da756133151e57ea,2025-01-07,expense,Subscriptions,Google One,247.8,Credit Card
txn-c07c72ca01e143ad,2025-01-08,expense,Subscriptions,Amazon Prime,352.82,Credit Card
txn-7a52503f75e78524,2025-01-11,expense,Transport,Metro Card,571.4,Debit Card
txn-b1722412b063299f,2025-01-12,expense,Travel,MakeMyTrip,7167.01,Credit Card
txn-1334119cbf518b6a,2025-01-13,expense,Shopping,Nykaa,2132.29,Credit Card
txn-75b94ee616564fda,2025-01-13,expense,Groceries,Star Bazaar,1632.13,Credit Card
txn-bb06e81f55cd366a,2025-01-16,expense,Transport,Ola,1112.48,Wallet
txn-0c8e758bbca8a15e,2025-01-17,expense,Shopping,Decathlon,6104.76,Credit Card
txn-220c3ac50eb0d2ca,2025-01-18,expense,Healthcare,City Clinic,2809.97,Debit Card
txn-61fc77ff2cf2b1e9,2025-01-18,expense,Utilities,Airtel Fiber,2849.06,Credit Card
txn-7f516bd47db6d5db,2025-01-18,expense,Other,Stationery Hub,2777.55,Credit Card
txn-839a952ea6a2700c,2025-01-18,expense,Shopping,Amazon India,1006.93,Debit Card
txn-54b11dbc5705f99f,2025-01-19,expense,Dining,Zomato,990.66,Credit Card
txn-964bde628fdf2565,2025-01-19,expense,Dining,Blue Tokai,1041.46,Net Banking
txn-56d13c83ffa7eb7a,2025-01-20,expense,Groceries,Blinkit,2258.68,Wallet
txn-6da7e6bf649b9915,2025-01-20,expense,Groceries,Star Bazaar,2103.49,Debit Card
txn-d89476bf248e834f,2025-01-20,expense,Groceries,Star Bazaar,1413.19,Debit Card
txn-c10e76b21dc7ea7e,2025-01-21,expense,Groceries,Star Bazaar,2275.39,Wallet
txn-d7cca17b735173f0,2025-01-21,expense,Transport,Ola,906.82,UPI
txn-001cf8d83b73274a,2025-01-22,expense,Groceries,Nature Basket,995.31,Net Banking
txn-4d7c006ae3561a74,2025-01-22,expense,Transport,Ola,1092.86,UPI
txn-a5d867a4d1739bb1,2025-01-22,expense,Utilities,Jio Mobile,2734.38,Credit Card
txn-90396e239b861a57,2025-01-23,expense,Groceries,Nature Basket,2325.73,Credit Card
txn-dc681e48fbac005e,2025-01-24,expense,Education,Skillshare,2623.3,Credit Card
txn-3747a2c647c55d4e,2025-01-25,expense,Groceries,Blinkit,2365.62,Credit Card
txn-5a664cccb0ed649b,2025-01-26,expense,Entertainment,PVR Cinemas,1621.04,UPI
txn-fe65a9180da72f1a,2025-01-26,expense,Dining,Barbeque Nation,1443.71,Net Banking
txn-2cf2ee8781459afd,2025-01-28,income,Salary,Northstar Payroll,152938.18,Bank Transfer
txn-62510c0963a8af7b,2025-02-01,expense,Transport,Rapido,1138.08,UPI
txn-82439c937efae3db,2025-02-01,expense,Travel,Air India Express,6311.97,Credit Card
txn-3f56843302ac4be9,2025-02-02,expense,Groceries,Local Grocery,1637.84,Debit Card
txn-48a4c4b877475a53,2025-02-02,expense,Subscriptions,Google One,249.06,Credit Card
txn-cd1d0560e582b3c2,2025-02-02,expense,Dining,Barbeque Nation,966.81,Credit Card
txn-ee4f96e8cec77101,2025-02-04,expense,Transport,Ola,1107.56,Credit Card
txn-292c6480fae88de9,2025-02-05,expense,Housing,Metro Homes Rent,45030.0,Net Banking
txn-5ec99a123087b90c,2025-02-05,expense,Subscriptions,Spotify,141.13,Credit Card
txn-e3325407597de721,2025-02-05,expense,Healthcare,HealthKart,3579.7,Credit Card
txn-ea97015efd471fad,2025-02-05,expense,Subscriptions,Amazon Prime,354.61,Credit Card
txn-8464ede76ed87696,2025-02-06,expense,Education,Coursera,2981.43,Credit Card
txn-af3dade5e2755f35,2025-02-06,expense,Transport,Uber,1365.09,Credit Card
txn-855b479e19b0f924,2025-02-07,expense,Subscriptions,Netflix,769.71,Credit Card
txn-69ce0957d1af857a,2025-02-08,expense,Other,Stationery Hub,90.83,UPI
txn-752feef1e8f07e97,2025-02-08,expense,Groceries,Blinkit,2317.4,Credit Card
txn-bfc0c4a572f4b28d,2025-02-08,expense,Entertainment,PVR Cinemas,897.38,Credit Card
txn-c0751420010084a0,2025-02-08,expense,Transport,Ola,1393.63,UPI
txn-f6981bf7101fb203,2025-02-08,expense,Groceries,BigBasket,1859.1,UPI
txn-e8b9e6cb96aa7a28,2025-02-10,expense,Other,Gift Store,1755.11,Credit Card
txn-55b3e69c874625aa,2025-02-12,expense,Shopping,Nykaa,5333.16,Wallet
txn-45a28558c8747c7e,2025-02-15,expense,Entertainment,PVR Cinemas,1349.47,UPI
txn-4b9c4b0cc1e08ce6,2025-02-15,expense,Groceries,Blinkit,989.45,UPI
txn-d059dda12c44a89c,2025-02-15,expense,Entertainment,BookMyShow,1449.35,Wallet
txn-fd5bd6b77e276131,2025-02-15,expense,Dining,Blue Tokai,1345.69,Credit Card
txn-b89c190387724638,2025-02-16,expense,Shopping,Croma,4993.52,Cash
txn-be9c9f73f96bc6a4,2025-02-17,expense,Groceries,BigBasket,1628.24,Net Banking
txn-c7cfafce9f3fae03,2025-02-17,expense,Groceries,Star Bazaar,952.99,UPI
txn-10f39d26090c5130,2025-02-19,expense,Groceries,Blinkit,1491.21,Credit Card
txn-34837178cb6f8f23,2025-02-19,expense,Transport,Ola,1306.44,Wallet
txn-0531fecbaa6d118a,2025-02-20,expense,Groceries,Blinkit,897.81,Credit Card
txn-65a49afb03aad2e8,2025-02-22,expense,Dining,Blue Tokai,1732.59,UPI
txn-8ae428367ead2991,2025-02-22,expense,Dining,Third Wave Coffee,2194.72,Credit Card
txn-d5b7e592288ce90e,2025-02-22,expense,Transport,Indian Oil,488.72,UPI
txn-027bef1701653e8e,2025-02-23,expense,Education,Kindle Store,2440.99,UPI
txn-bb8afdafe92e2d9b,2025-02-23,expense,Transport,Ola,1459.13,UPI
txn-1d9e6a4bfacccc4d,2025-02-24,expense,Shopping,Decathlon,5151.81,Net Banking
txn-695682c9341fae42,2025-02-26,expense,Utilities,Tata Power,2847.23,UPI
txn-73d2ee4f1926e1e2,2025-02-26,expense,Groceries,Local Grocery,2010.33,Credit Card
txn-7115ad5502c0bec3,2025-02-27,expense,Utilities,Jio Mobile,3169.33,UPI
txn-fa975dafa09ae8b1,2025-02-28,income,Salary,Northstar Payroll,155208.69,Bank Transfer
txn-546858863af0ec54,2025-03-02,expense,Groceries,Local Grocery,2484.06,Debit Card
txn-272e8908366e50d0,2025-03-03,expense,Healthcare,HealthKart,1045.71,Debit Card
txn-d8f44e42ee59b841,2025-03-03,expense,Subscriptions,Spotify,141.85,Credit Card
txn-e60e8c5291369b88,2025-03-03,expense,Subscriptions,Google One,250.32,Credit Card
txn-8732f38a5b9fe44d,2025-03-04,expense,Transport,Uber,1084.14,Net Banking
txn-2fed6204ea35190d,2025-03-05,expense,Other,Stationery Hub,2008.13,Wallet
txn-ea4a6a0dd52e12a2,2025-03-05,expense,Housing,Metro Homes Rent,45030.0,Net Banking
txn-1ebf5ed242c71e3d,2025-03-06,expense,Groceries,Blinkit,1913.2,UPI
txn-a09ae490564c2e3f,2025-03-06,expense,Transport,Indian Oil,997.65,UPI
txn-7b53dd46224c89ed,2025-03-07,expense,Shopping,Amazon India,1544.55,UPI
txn-86141b1befaeba1d,2025-03-07,expense,Subscriptions,Netflix,773.61,Credit Card
txn-010affcbb5bec270,2025-03-08,expense,Subscriptions,Amazon Prime,356.41,Credit Card
txn-8fea220bf93a3f2c,2025-03-08,expense,Dining,Swiggy,1086.2,UPI
txn-cbeb2db2694dc814,2025-03-08,expense,Travel,IRCTC,1749.25,UPI
txn-ddb003ca41c63730,2025-03-09,expense,Dining,Third Wave Coffee,2328.61,UPI
txn-e9ae44cc987d51d9,2025-03-09,expense,Entertainment,Steam,1054.33,Credit Card
txn-afc5675c00c79eb3,2025-03-11,expense,Transport,Uber,1203.34,UPI
txn-a8f80570b9a58486,2025-03-12,expense,Transport,Metro Card,468.57,Credit Card
txn-6201ad2290760ed4,2025-03-13,expense,Shopping,Nykaa,2428.65,UPI
txn-118535ad3e8031cf,2025-03-14,expense,Other,Laundry Point,984.15,Credit Card
txn-80f06c3bd9e03451,2025-03-14,expense,Transport,Indian Oil,883.08,Credit Card
txn-341431b6b575d376,2025-03-15,expense,Dining,Zomato,1690.31,UPI
txn-8c006cc092336728,2025-03-15,expense,Groceries,BigBasket,1987.31,UPI
txn-e98d0551e6e30f86,2025-03-15,expense,Transport,Rapido,1093.98,UPI
txn-983f8d5694005fbc,2025-03-18,expense,Education,Skillshare,2682.03,Credit Card
txn-be218e7b328b0f1f,2025-03-18,expense,Groceries,Blinkit,1169.65,UPI
txn-2159e4e8da9e2f9b,2025-03-19,expense,Groceries,Star Bazaar,1920.39,Cash
txn-f067e29e628d7fc4,2025-03-19,expense,Education,Udemy,2705.51,Debit Card
txn-0d1f02c56d7d186d,2025-03-20,income,Bonus,Northstar Payroll,31803.7,Bank Transfer
txn-70a7ae8683fd6ff5,2025-03-21,expense,Entertainment,PVR Cinemas,1598.5,Credit Card
txn-1028b967a3e730de,2025-03-22,expense,Entertainment,BookMyShow,1882.73,UPI
txn-6cb900794f9c7f0a,2025-03-22,expense,Dining,Swiggy,1902.82,Credit Card
txn-d24268befbb34cba,2025-03-22,expense,Dining,Blue Tokai,103.11,UPI
txn-64e6fcc9775af4e2,2025-03-23,expense,Entertainment,NCPA,2170.12,UPI
txn-7d87e52273e4fcbf,2025-03-23,expense,Utilities,BESCOM,3557.04,UPI
txn-a48d515ea6896fb9,2025-03-24,expense,Utilities,Jio Mobile,4269.16,Cash
txn-dffbe78e417d8f7b,2025-03-24,expense,Groceries,Blinkit,1733.15,UPI
txn-45b83de10469a4d9,2025-03-26,expense,Groceries,BigBasket,1502.94,Credit Card
txn-a65d100ead1bdf34,2025-03-28,income,Salary,Northstar Payroll,156740.88,Bank Transfer
txn-a92944ce9a807cb7,2025-04-04,expense,Subscriptions,Netflix,777.5,Credit Card
txn-d2bcad47a2434cfe,2025-04-04,expense,Groceries,Blinkit,1845.01,Debit Card
txn-f08c288be8a6f80c,2025-04-04,expense,Subscriptions,Spotify,142.56,Credit Card
txn-10bcf0a01045078c,2025-04-05,expense,Groceries,Local Grocery,1619.51,UPI
txn-38689cf74f56a580,2025-04-05,expense,Transport,Indian Oil,531.17,Wallet
txn-539d330812bea640,2025-04-05,expense,Transport,Ola,1080.76,UPI
txn-7d14d72c3bfc4553,2025-04-05,expense,Travel,MakeMyTrip,5739.72,Credit Card
txn-adea41d76be53d5b,2025-04-05,expense,Housing,Metro Homes Rent,45030.0,Net Banking
txn-fbc97921ea2eaa5f,2025-04-05,expense,Subscriptions,Amazon Prime,358.2,Credit Card
txn-2168adee8f480189,2025-04-07,expense,Subscriptions,Google One,251.58,Credit Card
txn-4cce0f4c107e230a,2025-04-11,expense,Groceries,Nature Basket,2079.49,Credit Card
txn-531b143e5d29cd8e,2025-04-12,expense,Entertainment,NCPA,1947.72,UPI
txn-58e0e70c7fda2e5b,2025-04-12,expense,Dining,Barbeque Nation,1392.76,Debit Card
txn-616149de5b8469ef,2025-04-12,expense,Transport,Indian Oil,871.65,Credit Card
txn-8227ad32fc3feade,2025-04-12,expense,Education,Udemy,2666.82,Credit Card
txn-c5255fab387a0c2e,2025-04-12,expense,Dining,Blue Tokai,2860.79,Net Banking
txn-1fb4994ee98ab3f5,2025-04-13,expense,Groceries,Local Grocery,1939.47,UPI
txn-613e8314b97ee621,2025-04-13,expense,Transport,Ola,680.67,Credit Card
txn-84d703781b11f3c7,2025-04-13,expense,Dining,Barbeque Nation,1861.6,UPI
txn-0a746e04a5c9f58c,2025-04-15,expense,Other,Stationery Hub,685.58,Credit Card
txn-14101118c3e53d31,2025-04-17,expense,Shopping,Myntra,3575.68,Wallet
txn-e626ddf0ebf0b9d5,2025-04-18,expense,Groceries,Star Bazaar,1366.38,Credit Card
txn-58dcd5f47daa74a3,2025-04-19,expense,Groceries,Nature Basket,1261.13,UPI
txn-9b475c228e7d1b68,2025-04-19,expense,Groceries,Nature Basket,1873.31,Net Banking
txn-be05a1ce5b7add17,2025-04-19,expense,Entertainment,BookMyShow,1445.91,Credit Card
txn-f82472f56bce648a,2025-04-19,expense,Dining,Zomato,899.36,UPI
txn-5bd6ec1a77152e4a,2025-04-20,expense,Utilities,Tata Power,3422.08,Net Banking
txn-8db8bcf71966d53c,2025-04-20,expense,Groceries,Blinkit,1867.48,UPI
txn-956b6785ba8fced3,2025-04-20,expense,Dining,Swiggy,1403.78,Credit Card
txn-e2868082adaf026b,2025-04-20,expense,Other,Society Office,1067.72,Cash
txn-dc019ef8ed093a23,2025-04-21,expense,Transport,Uber,1346.56,UPI
txn-a1a16210618232aa,2025-04-22,expense,Healthcare,HealthKart,1794.94,UPI
txn-a47b398c05e20482,2025-04-24,expense,Shopping,Croma,4634.01,Debit Card
txn-19dd0a98fec62856,2025-04-25,expense,Groceries,Local Grocery,1419.55,Credit Card
txn-c6cc4afb15382541,2025-04-25,expense,Utilities,Airtel Fiber,3918.08,UPI
txn-287b2a70bfcade2f,2025-04-27,expense,Travel,Air India Express,6720.87,UPI
txn-2447a3d26df6fbd9,2025-04-28,income,Salary,Northstar Payroll,155610.3,Bank Transfer
txn-31c3cf223574023e,2025-05-01,expense,Transport,Ola,877.73,UPI
txn-32ed6f72e70dcdf2,2025-05-01,expense,Dining,Blue Tokai,869.96,Wallet
txn-54a15db047c4ee1d,2025-05-01,expense,Other,Gift Store,1145.76,UPI
txn-715c9bd58853125c,2025-05-01,expense,Dining,Barbeque Nation,1080.15,UPI
txn-914b1453d26a0682,2025-05-03,expense,Education,Coursera,1866.21,UPI
txn-034345b7ccb0df17,2025-05-04,expense,Entertainment,Steam,768.16,UPI
txn-2495700c5e7979b2,2025-05-04,expense,Travel,IRCTC,10619.14,Cash
txn-3b5f5e6fdef6fd1b,2025-05-04,expense,Dining,Third Wave Coffee,957.72,Cash
txn-eb3cc914c947faa4,2025-05-04,expense,Subscriptions,Netflix,781.4,Credit Card
txn-29dbd9fc3473cd30,2025-05-05,expense,Housing,Metro Homes Rent,45030.0,Net Banking
txn-c562f89e60a07506,2025-05-05,expense,Subscriptions,Google One,252.84,Credit Card
txn-18bf5c5a593fc8a1,2025-05-06,expense,Subscriptions,Spotify,143.28,Credit Card
txn-2aadb638e0ed66a8,2025-05-06,expense,Transport,Rapido,1353.46,Wallet
txn-3ed8eb54a1694745,2025-05-06,expense,Transport,Ola,755.88,UPI
txn-85b9a3f9a62dd7da,2025-05-06,expense,Transport,Indian Oil,768.13,Credit Card
txn-a6c32d49f7242359,2025-05-06,expense,Transport,Uber,1251.03,Credit Card
txn-f6a7e7a0e118b284,2025-05-07,expense,Other,Gift Store,1612.42,Credit Card
txn-f9a34c7e9cf68554,2025-05-07,expense,Groceries,BigBasket,1200.72,UPI
txn-7b60d1c29cc76965,2025-05-08,expense,Subscriptions,Amazon Prime,360.0,Credit Card
txn-51169043de93953c,2025-05-11,expense,Utilities,BESCOM,4367.04,UPI
txn-fd344db38fb27a04,2025-05-11,expense,Healthcare,City Clinic,1619.77,Wallet
txn-75fbe9d6d45b2fd6,2025-05-13,expense,Transport,Uber,732.98,UPI
txn-e269c17e734a4f67,2025-05-13,expense,Travel,Air India Express,7964.09,Wallet
txn-0e4554fd5f0f2cf4,2025-05-14,expense,Shopping,Croma,3913.49,Debit Card
txn-ee9a5a000fc65b6a,2025-05-14,expense,Utilities,Mahanagar Gas,3698.96,UPI
txn-f9cd2f940c9f0199,2025-05-14,expense,Groceries,BigBasket,956.33,Credit Card
txn-bd18261c3e7d535f,2025-05-17,expense,Groceries,BigBasket,1998.96,Debit Card
txn-dcdeb86a26724ee8,2025-05-17,expense,Utilities,Airtel Fiber,3378.77,Wallet
txn-b707782d3c6f1e78,2025-05-21,expense,Groceries,Nature Basket,2217.85,Wallet
txn-e9055a0e686826eb,2025-05-21,expense,Utilities,Tata Power,3465.44,Credit Card
txn-901a8881f52124c8,2025-05-22,expense,Shopping,Decathlon,1239.99,Wallet
txn-d2dac5fc5714ab5a,2025-05-23,expense,Groceries,BigBasket,2102.65,UPI
txn-272d5f057676e28e,2025-05-24,expense,Dining,Barbeque Nation,1188.26,Wallet
txn-2937175a69644dae,2025-05-24,expense,Dining,Blue Tokai,1835.62,Net Banking
txn-3ef8d0fa5384bb7c,2025-05-24,expense,Shopping,Croma,6348.1,UPI
txn-439cf1c7b7b8206d,2025-05-25,expense,Entertainment,NCPA,2608.27,UPI
txn-6fcb5ae8e3d09014,2025-05-25,expense,Entertainment,Steam,1704.85,UPI
txn-79d5fe2741f1fa6e,2025-05-25,expense,Groceries,Local Grocery,2793.01,Wallet
txn-8d62e48a08cf15ad,2025-05-25,expense,Groceries,BigBasket,1387.86,Wallet
txn-bc6cbe04a65e47ae,2025-05-25,expense,Groceries,BigBasket,2421.43,Credit Card
txn-016d4ad816f57ec3,2025-05-26,expense,Groceries,Local Grocery,1644.76,UPI
txn-21a8f3dd3e7b28ee,2025-05-27,expense,Transport,Uber,1256.14,Credit Card
txn-94b93c12b172cb70,2025-05-28,income,Salary,Northstar Payroll,156359.41,Bank Transfer
txn-285390ffb83c7e87,2025-06-01,expense,Groceries,Blinkit,1718.28,UPI
txn-b93cb312a19e3f42,2025-06-01,expense,Entertainment,PVR Cinemas,1831.28,Credit Card
txn-d331e8126c7471bc,2025-06-01,expense,Entertainment,BookMyShow,1535.09,UPI
txn-5f12cdbd59c86110,2025-06-03,expense,Subscriptions,Netflix,785.29,Credit Card
txn-77670980d406824b,2025-06-03,expense,Groceries,Local Grocery,1312.44,Net Banking
txn-1e6a4615def59498,2025-06-05,expense,Subscriptions,Spotify,143.99,Credit Card
txn-8ddaa4c3d1af8590,2025-06-05,expense,Housing,Metro Homes Rent,45030.0,Net Banking
txn-bcf734921ee0626d,2025-06-05,expense,Utilities,Tata Power,3451.15,Credit Card
txn-aa7669ef5946534e,2025-06-06,expense,Groceries,Local Grocery,1937.23,Credit Card
txn-4b6d527ef3d480db,2025-06-07,expense,Shopping,Decathlon,3514.31,UPI
txn-9c6af4a93ea0d014,2025-06-07,expense,Subscriptions,Amazon Prime,361.79,Credit Card
txn-d0a9b896420e2f91,2025-06-07,expense,Travel,IRCTC,6934.52,UPI
txn-f2b9b8cbc1d9ef6a,2025-06-07,expense,Dining,Zomato,1769.09,Debit Card
txn-819d9f3e9deb16b6,2025-06-08,expense,Utilities,Tata Power,3092.35,UPI
txn-e377139ca98dd8a0,2025-06-08,expense,Subscriptions,Google One,254.1,Credit Card
txn-1da411160bfee62b,2025-06-09,expense,Shopping,Amazon India,3527.66,Credit Card
txn-c1ecd778d9077f41,2025-06-10,expense,Education,Coursera,5504.4,Credit Card
txn-779a908fe2ac5438,2025-06-11,expense,Healthcare,Practo,277.65,UPI
txn-aed685307804bf54,2025-06-11,expense,Transport,Indian Oil,824.16,Cash
txn-0f73499b1d98a7fc,2025-06-13,expense,Groceries,Local Grocery,2030.31,Wallet
txn-0bad77ce7d4c789e,2025-06-14,expense,Shopping,Myntra,178.23,Credit Card
txn-a53c5c547ac91093,2025-06-15,expense,Groceries,Local Grocery,1205.96,Credit Card
txn-b24183457557bddc,2025-06-15,expense,Dining,Blue Tokai,2561.74,UPI
txn-10cef9c9f9725379,2025-06-16,expense,Transport,Uber,895.82,UPI
txn-29b611f43adced2d,2025-06-16,expense,Transport,Rapido,1172.49,Credit Card
txn-d537f81374b83233,2025-06-16,expense,Utilities,Mahanagar Gas,2710.91,UPI
txn-3edaf100436334f9,2025-06-17,expense,Transport,Rapido,366.73,UPI
txn-d2204aa26d65b7ed,2025-06-20,expense,Groceries,Star Bazaar,1856.68,Net Banking
txn-4e716a085341d2c8,2025-06-21,expense,Dining,Third Wave Coffee,1237.61,UPI
txn-4e874b78a98cfd8f,2025-06-21,expense,Dining,Blue Tokai,1143.77,Credit Card
txn-745f88183e5394b6,2025-06-21,expense,Groceries,BigBasket,2170.76,Wallet
txn-d33afce238b2966e,2025-06-21,expense,Dining,Third Wave Coffee,975.77,UPI
txn-0e8ef6e79dea351b,2025-06-22,expense,Other,Society Office,1576.44,UPI
txn-18ae27b775ab2f22,2025-06-22,expense,Groceries,Star Bazaar,1364.18,UPI
txn-35f3830de7124f26,2025-06-22,expense,Dining,Zomato,1103.61,Debit Card
txn-41417144e7956c80,2025-06-24,expense,Groceries,BigBasket,2501.07,UPI
txn-fa8b8d06daddf9d0,2025-06-24,expense,Transport,Uber,331.06,Wallet
txn-e7770bf0bd3cb4f0,2025-06-26,expense,Transport,Indian Oil,859.2,UPI
txn-b523a34720529add,2025-06-28,income,Salary,Northstar Payroll,157475.86,Bank Transfer
txn-5b1880ea8f265a29,2025-07-01,expense,Groceries,Nature Basket,725.82,Wallet
txn-1fdb7a62e76aca67,2025-07-02,expense,Groceries,Star Bazaar,1776.56,UPI
txn-32f0ebf58c80eed2,2025-07-02,expense,Education,Coursera,2814.19,Credit Card
txn-b966a2b69c854b10,2025-07-02,expense,Groceries,Blinkit,2151.41,Wallet
txn-f5366dab0548dbb6,2025-07-02,expense,Subscriptions,Spotify,144.7,Credit Card
txn-06db8d322df43455,2025-07-03,expense,Other,Society Office,1038.21,UPI
txn-21913418cf0eaa6d,2025-07-03,expense,Transport,Indian Oil,1425.64,Cash
txn-8e01de4f8db83517,2025-07-03,expense,Transport,Rapido,1027.49,UPI
txn-022f9d2aa5331024,2025-07-05,expense,Subscriptions,Google One,255.36,Credit Card
txn-c5dd631c08f717a6,2025-07-05,expense,Housing,Metro Homes Rent,47795.0,Net Banking
txn-ac1fe0b7f1080dbd,2025-07-06,expense,Entertainment,NCPA,2512.13,UPI
txn-f8e2771c314700f0,2025-07-06,expense,Shopping,Myntra,2703.49,Credit Card
txn-63e7bfed2ab9ef18,2025-07-07,expense,Utilities,Mahanagar Gas,3416.17,Wallet
txn-86a480bac8ddf389,2025-07-07,expense,Subscriptions,Amazon Prime,363.58,Credit Card
txn-a45b883d43e72159,2025-07-07,expense,Education,Coursera,2887.98,Debit Card
txn-d462014f353100a7,2025-07-07,expense,Groceries,Blinkit,1369.91,UPI
txn-f50ebc8985536336,2025-07-07,expense,Subscriptions,Netflix,789.18,Credit Card
txn-88d3c41171728ef5,2025-07-10,expense,Transport,Uber,943.8,UPI
txn-8ccf575d8d5e1122,2025-07-10,expense,Transport,Uber,864.53,Credit Card
txn-be9c77ca5fc70c3c,2025-07-10,expense,Groceries,Blinkit,1089.52,UPI
txn-b3730121240c4552,2025-07-11,expense,Groceries,Nature Basket,1505.45,Credit Card
txn-1e28f3ac8572fb03,2025-07-12,expense,Groceries,Nature Basket,2662.36,UPI
txn-3b1a43addb8f96f4,2025-07-12,expense,Entertainment,Steam,1794.99,UPI
txn-3da15bcc5602655a,2025-07-12,expense,Dining,Barbeque Nation,1436.2,UPI
txn-e31e677d6ac7cd5c,2025-07-12,expense,Transport,Metro Card,1392.13,UPI
txn-07fec9b44e72cbf9,2025-07-13,expense,Dining,Third Wave Coffee,1489.94,Credit Card
txn-58ae83a50b903d20,2025-07-13,expense,Entertainment,NCPA,1421.85,UPI
txn-3a8b665429daa3b4,2025-07-15,expense,Utilities,Mahanagar Gas,3601.22,Credit Card
txn-73f15d5a4544c383,2025-07-18,expense,Groceries,Nature Basket,1671.37,Credit Card
txn-7b942d494d5a6ce3,2025-07-19,expense,Shopping,Nykaa,4236.67,Debit Card
txn-817f31709016fb29,2025-07-19,expense,Healthcare,HealthKart,2928.8,UPI
txn-8bc54cbf0f3fe40e,2025-07-20,expense,Healthcare,Practo,1101.93,Credit Card
txn-8fc76799f3b28eb6,2025-07-20,expense,Dining,Barbeque Nation,982.55,Debit Card
txn-aaaf6c0b2b7d52ab,2025-07-20,expense,Entertainment,BookMyShow,793.21,Cash
txn-bb17db858e2793c9,2025-07-20,expense,Travel,Air India Express,4843.26,UPI
txn-84e05c4174076280,2025-07-21,expense,Utilities,Airtel Fiber,3670.21,UPI
txn-03050ac4de3f5f14,2025-07-24,expense,Dining,Zomato,2479.2,UPI
txn-853df2c0598078b7,2025-07-24,expense,Transport,Rapido,1029.25,Credit Card
txn-ecb486deb15dbd4e,2025-07-25,expense,Groceries,Nature Basket,2279.22,UPI
txn-4dd0eb080cc1481d,2025-07-26,expense,Dining,Swiggy,1747.57,UPI
txn-280d68cf5ecaac51,2025-07-27,expense,Utilities,Airtel Fiber,3335.48,UPI
txn-52cf987d7f44b9bb,2025-07-27,expense,Other,Society Office,2621.58,Credit Card
txn-a00480a543586324,2025-07-28,income,Salary,Northstar Payroll,155316.95,Bank Transfer
txn-3e8a6e20c41c7d78,2025-08-01,expense,Healthcare,Apollo Pharmacy,2315.23,UPI
txn-c84bf75882f07f8a,2025-08-01,expense,Transport,Metro Card,733.07,UPI
txn-f738e16aedd2adc7,2025-08-01,expense,Other,Stationery Hub,1225.92,UPI
txn-0b0701c7d4f64bab,2025-08-02,expense,Healthcare,City Clinic,76000.0,UPI
txn-8ad570c3c4367f1f,2025-08-02,expense,Subscriptions,Google One,256.62,Credit Card
txn-d712cc02defdff31,2025-08-02,expense,Dining,Zomato,1644.5,UPI
txn-4a37e5fbf6b79921,2025-08-03,expense,Subscriptions,Spotify,145.42,Credit Card
txn-6d6cd4ba4d81097e,2025-08-03,expense,Entertainment,PVR Cinemas,1713.84,Credit Card
txn-8fe56f6a26f2d5c0,2025-08-03,expense,Subscriptions,Netflix,793.08,Credit Card
txn-43251aa7c9f50c0b,2025-08-05,expense,Groceries,Local Grocery,1396.08,UPI
txn-d6cb21e7642af269,2025-08-05,expense,Housing,Metro Homes Rent,47795.0,Net Banking
txn-3748cf1393c0ca55,2025-08-06,expense,Groceries,Local Grocery,2593.29,Wallet
txn-c4e9accedeb367b1,2025-08-06,expense,Subscriptions,Amazon Prime,365.38,Credit Card
txn-f662c8c286f399f8,2025-08-07,expense,Groceries,Local Grocery,1288.71,Credit Card
txn-e0b9fffd45a654d3,2025-08-10,expense,Dining,Barbeque Nation,1707.38,Credit Card
txn-53db0a833a5b4837,2025-08-12,expense,Other,Gift Store,80.0,UPI
txn-74ff15f60f546eb3,2025-08-14,expense,Shopping,Nykaa,3707.0,Credit Card
txn-eae9aedf69cf3b14,2025-08-14,expense,Groceries,Local Grocery,2007.69,UPI
txn-7cc25d6d058beb96,2025-08-16,expense,Groceries,Local Grocery,1766.37,UPI
txn-963db1498c0c0cc0,2025-08-16,expense,Shopping,Myntra,6126.77,UPI
txn-d75ae3484d27e7fa,2025-08-16,expense,Healthcare,Practo,2577.41,UPI
txn-4c4b178b067c75eb,2025-08-17,expense,Dining,Blue Tokai,1573.95,UPI
txn-cb54bff4d713a634,2025-08-17,expense,Dining,Third Wave Coffee,872.63,Wallet
txn-6d67fa46bc1a87f9,2025-08-18,expense,Shopping,Croma,5634.47,Credit Card
txn-8b737543c432ec8b,2025-08-18,expense,Transport,Ola,909.93,Credit Card
txn-073e7965f58f7b7d,2025-08-19,expense,Groceries,Nature Basket,1752.62,Debit Card
txn-cfd38b4d34392cce,2025-08-19,expense,Utilities,Tata Power,3613.73,Credit Card
txn-cbe4ecfd78b98a8c,2025-08-20,expense,Transport,Ola,611.44,Wallet
txn-869fa2561a8b713a,2025-08-21,expense,Transport,Rapido,902.13,Credit Card
txn-4c5be6d50e4cab93,2025-08-22,expense,Groceries,Nature Basket,2120.66,Wallet
txn-194fce139bd62f57,2025-08-23,expense,Entertainment,Steam,1669.11,UPI
txn-1d3e96a691a79826,2025-08-24,expense,Travel,IRCTC,8266.96,UPI
txn-85f55ac9a6c914a8,2025-08-24,expense,Transport,Ola,1715.64,UPI
txn-8b6199376e93cd2c,2025-08-24,expense,Entertainment,PVR Cinemas,2044.88,UPI
txn-c484e040a12c276e,2025-08-24,expense,Entertainment,PVR Cinemas,1821.15,Wallet
txn-6888e979e41a8bd4,2025-08-25,expense,Groceries,Star Bazaar,1799.08,Credit Card
txn-4b1fe2a473c764c4,2025-08-26,expense,Education,Kindle Store,3522.95,UPI
txn-946334313a102776,2025-08-27,expense,Utilities,Tata Power,3703.02,Wallet
txn-ee8d495074970e88,2025-08-28,income,Salary,Northstar Payroll,159624.87,Bank Transfer
txn-5f81eccc4f564383,2025-09-01,expense,Groceries,Nature Basket,1162.14,Cash
txn-632849c302c310e9,2025-09-02,expense,Shopping,Amazon India,4279.75,UPI
txn-8bd3b3bb592ba808,2025-09-02,expense,Subscriptions,Spotify,146.13,Credit Card
txn-3c69ccced5d89e4c,2025-09-04,expense,Subscriptions,Google One,257.88,Credit Card
txn-430740c56b05009c,2025-09-05,expense,Utilities,Airtel Fiber,2992.14,Credit Card
txn-aeb3789123143946,2025-09-05,expense,Housing,Metro Homes Rent,47795.0,Net Banking
txn-06a2e1e9058499c7,2025-09-06,expense,Transport,Uber,1274.3,UPI
txn-68db7fd5735e9aea,2025-09-06,expense,Shopping,Croma,4777.46,UPI
txn-9ac5daf63bb51dae,2025-09-06,expense,Travel,IRCTC,6996.16,Wallet
txn-adfe687728c48647,2025-09-06,expense,Dining,Swiggy,1729.21,UPI
txn-1425bc14638b04f2,2025-09-07,expense,Subscriptions,Amazon Prime,367.17,Credit Card
txn-ad3c96dc2e2918e3,2025-09-07,expense,Groceries,Nature Basket,2373.11,UPI
txn-ef843e9655802357,2025-09-07,expense,Utilities,Tata Power,2986.29,UPI
txn-0c952ea229953843,2025-09-08,expense,Subscriptions,Netflix,796.97,Credit Card
txn-cabe2cff99975a66,2025-09-08,expense,Shopping,Myntra,3092.91,UPI
txn-2c5930159a9cc961,2025-09-10,expense,Transport,Uber,1279.52,Debit Card
txn-240d9ca33ad47439,2025-09-11,expense,Groceries,Nature Basket,1618.18,Wallet
txn-069abb9400a18af2,2025-09-12,expense,Groceries,Nature Basket,658.96,Credit Card
txn-132609f886b54708,2025-09-12,expense,Shopping,Croma,1749.25,Credit Card
txn-f7e625899ca39fa7,2025-09-12,expense,Groceries,Blinkit,1891.03,UPI
txn-21a39385760f34df,2025-09-13,expense,Dining,Blue Tokai,1242.45,Net Banking
txn-3a188797b6412480,2025-09-13,expense,Dining,Zomato,1257.2,Credit Card
txn-7622d4c841b3b752,2025-09-13,expense,Other,Gift Store,1042.48,UPI
txn-8fa6511afaf6ed4a,2025-09-13,expense,Education,Kindle Store,2422.89,UPI
txn-acecc15e5e457902,2025-09-13,expense,Travel,Air India Express,4499.05,UPI
txn-d44dbab2fd2da059,2025-09-13,expense,Healthcare,Apollo Pharmacy,1530.01,UPI
txn-81e0e381860ade4e,2025-09-14,expense,Transport,Uber,1207.62,UPI
txn-9e3706a5430f838d,2025-09-14,expense,Dining,Barbeque Nation,1498.55,Net Banking
txn-c82a14d724eebc36,2025-09-14,expense,Dining,Blue Tokai,1154.6,Cash
txn-8a42a87cff30129b,2025-09-15,expense,Transport,Uber,626.12,UPI
txn-8c9394b1a9e69615,2025-09-15,expense,Healthcare,Apollo Pharmacy,2815.13,UPI
txn-12f8465901ea3e3f,2025-09-17,expense,Transport,Ola,1125.87,Net Banking
txn-9664eb67a168a0ae,2025-09-18,expense,Utilities,Airtel Fiber,4282.72,Net Banking
txn-d6070f7e07f3a04e,2025-09-20,expense,Dining,Swiggy,1388.53,UPI
txn-27f4f5e4d1b34d73,2025-09-21,income,Bonus,Northstar Payroll,45796.93,Bank Transfer
txn-5a5bb7b260db3a3c,2025-09-21,expense,Utilities,Airtel Fiber,4947.6,Net Banking
txn-ca94e314bc8f13ec,2025-09-21,expense,Groceries,Blinkit,2261.07,Credit Card
txn-aafc94d68686d7d8,2025-09-23,expense,Groceries,Star Bazaar,1569.73,UPI
txn-bb498bc8d3f829c4,2025-09-26,expense,Education,Udemy,3072.33,UPI
txn-38d6fff28e816ba2,2025-09-27,expense,Groceries,Star Bazaar,2013.31,Debit Card
txn-816c55211a0551ae,2025-09-27,expense,Entertainment,Steam,2213.25,Net Banking
txn-981474e7ceb37ba5,2025-09-27,expense,Entertainment,PVR Cinemas,1125.76,Wallet
txn-a004afa042bead11,2025-09-27,expense,Other,Society Office,683.56,Credit Card
txn-5833071bae71c1eb,2025-09-28,income,Salary,Northstar Payroll,160715.66,Bank Transfer
txn-40c49157bac82c0d,2025-10-01,expense,Transport,Uber,685.55,UPI
txn-4abf79567ad3d3a1,2025-10-02,expense,Transport,Indian Oil,205.23,UPI
txn-e21c674489052dd1,2025-10-03,expense,Subscriptions,Spotify,146.85,Credit Card
txn-77a9fd7f30027c27,2025-10-04,expense,Entertainment,Steam,1826.34,Credit Card
txn-ab26961f836d3a2d,2025-10-04,expense,Transport,Rapido,730.67,UPI
txn-cb907d7cd14cfc3c,2025-10-04,expense,Utilities,BESCOM,2186.02,UPI
txn-cc96c9ee9b8104e6,2025-10-04,expense,Entertainment,PVR Cinemas,1855.49,UPI
txn-336a14f107bf60b6,2025-10-05,expense,Housing,Metro Homes Rent,47795.0,Net Banking
txn-a7bb4498ebb203b1,2025-10-05,expense,Subscriptions,Netflix,800.87,Credit Card
txn-92183bdfb237a3dd,2025-10-06,expense,Subscriptions,Google One,259.14,Credit Card
txn-5dc2a8af51915d95,2025-10-07,expense,Groceries,Blinkit,2154.01,Credit Card
txn-0d34c3a7a99f7f7f,2025-10-08,expense,Utilities,Airtel Fiber,3737.09,Debit Card
txn-8cec0fa95185554a,2025-10-08,expense,Subscriptions,Amazon Prime,368.97,Credit Card
txn-df417c00ab764fa1,2025-10-08,expense,Utilities,Jio Mobile,3221.51,Credit Card
txn-7b5d604580d1c60e,2025-10-09,expense,Groceries,BigBasket,2542.06,Credit Card
txn-acf864e0a8332152,2025-10-09,expense,Groceries,BigBasket,1921.5,Wallet
txn-1612fe5e427e25d3,2025-10-11,expense,Dining,Zomato,1481.43,UPI
txn-9e95fbd721c4594b,2025-10-11,expense,Groceries,Blinkit,2043.1,UPI
txn-cbd160b271e998c2,2025-10-11,expense,Dining,Barbeque Nation,2960.09,Cash
txn-71a02e581471edd3,2025-10-13,expense,Utilities,Jio Mobile,3102.28,Credit Card
txn-d99833d8d22378f3,2025-10-13,expense,Healthcare,Apollo Pharmacy,2283.87,UPI
txn-abcef951b22c4034,2025-10-15,expense,Shopping,Croma,5733.97,Credit Card
txn-b830177f5e789ed3,2025-10-15,expense,Groceries,Local Grocery,1912.75,Debit Card
txn-f81abce618606748,2025-10-16,expense,Transport,Metro Card,631.12,UPI
txn-ee48bbd94883ddb7,2025-10-18,expense,Groceries,Star Bazaar,1983.51,Credit Card
txn-423fd76f6fcc9aeb,2025-10-19,expense,Dining,Barbeque Nation,2816.09,UPI
txn-532f43aa0d4931d5,2025-10-19,expense,Entertainment,BookMyShow,202.7,UPI
txn-b560b2c6ea7d9a25,2025-10-19,expense,Dining,Barbeque Nation,1673.2,Credit Card
txn-c5426355e39be6ed,2025-10-19,expense,Transport,Rapido,1100.84,UPI
txn-ce06ac67a5b72e20,2025-10-19,expense,Dining,Barbeque Nation,891.32,Wallet
txn-2a8d974a96b491e9,2025-10-20,expense,Other,Stationery Hub,1569.92,UPI
txn-74f9889dad5cb6de,2025-10-20,expense,Shopping,Myntra,4007.09,Credit Card
txn-e281cc7d1dc0a2f4,2025-10-21,expense,Transport,Uber,955.7,Credit Card
txn-01bec8f7261270aa,2025-10-22,expense,Groceries,Local Grocery,2299.64,Net Banking
txn-201a29a617717b7a,2025-10-24,expense,Healthcare,City Clinic,3387.8,Debit Card
txn-90b84c475a83f136,2025-10-24,expense,Education,Udemy,3865.34,UPI
txn-67ba74f1a3e761ad,2025-10-25,expense,Travel,MakeMyTrip,7869.82,Debit Card
txn-41fd8ec948b0eb29,2025-10-26,expense,Groceries,Blinkit,1746.11,UPI
txn-2680071e012720b8,2025-10-28,income,Salary,Northstar Payroll,160770.23,Bank Transfer
txn-a4de630da00586c5,2025-11-01,expense,Dining,Third Wave Coffee,1622.79,UPI
txn-c9d733534750f5ff,2025-11-01,expense,Transport,Ola,1001.24,UPI
txn-3561535bf305c54d,2025-11-02,expense,Entertainment,PVR Cinemas,2119.87,UPI
txn-b05107e01a3b87c7,2025-11-02,expense,Education,Coursera,2154.13,UPI
txn-3bd8c59ed737d69a,2025-11-03,expense,Subscriptions,Netflix,804.76,Credit Card
txn-4a27493110c8d705,2025-11-03,expense,Subscriptions,Spotify,147.56,Credit Card
txn-7ef537c95d90cd93,2025-11-04,expense,Subscriptions,Google One,260.4,Credit Card
txn-07ef6f8da83e07b9,2025-11-05,expense,Housing,Metro Homes Rent,47795.0,Net Banking
txn-c136ce36a9d613b0,2025-11-05,expense,Other,Laundry Point,1188.51,UPI
txn-f520e16d33bed589,2025-11-05,expense,Healthcare,City Clinic,2731.15,UPI
txn-5595823432331e9f,2025-11-06,expense,Shopping,Myntra,5762.86,UPI
txn-df526add2f243206,2025-11-06,expense,Groceries,Star Bazaar,1581.34,Wallet
txn-2519eeb47896b567,2025-11-07,expense,Groceries,Blinkit,1878.42,Credit Card
txn-4bffca89df11b3e7,2025-11-07,expense,Subscriptions,Amazon Prime,370.76,Credit Card
txn-ba9595b5f7a51872,2025-11-07,expense,Transport,Ola,1448.95,UPI
txn-d231344004bd6345,2025-11-08,expense,Transport,Indian Oil,336.45,Credit Card
txn-f85e59427efd6060,2025-11-08,expense,Dining,Third Wave Coffee,1493.39,UPI
txn-35574c8855a6c16c,2025-11-09,expense,Entertainment,Steam,1924.12,Credit Card
txn-c729c4b438781442,2025-11-09,expense,Dining,Zomato,990.89,Credit Card
txn-0086a289dee901f4,2025-11-10,expense,Groceries,Nature Basket,1730.25,Debit Card
txn-2d17d04ebb3e3a12,2025-11-13,expense,Utilities,Tata Power,2886.88,UPI
txn-2cb9ecdb2d6d5895,2025-11-14,expense,Groceries,Nature Basket,1536.52,Debit Card
txn-9d28adfe4a918c4b,2025-11-15,expense,Travel,Oyo Rooms,9692.36,Credit Card
txn-e9b01d764ac0e48c,2025-11-15,expense,Transport,Ola,752.51,UPI
txn-6f17e647482c9a51,2025-11-16,expense,Entertainment,Steam,2237.23,Credit Card
txn-9f3eca0f0fac0350,2025-11-16,expense,Transport,Uber,655.8,UPI
txn-d69fcb7503d52caf,2025-11-16,expense,Dining,Zomato,2409.92,UPI
txn-7e62cea196c726b7,2025-11-17,expense,Utilities,Jio Mobile,3161.26,UPI
txn-9dff32bfa130585b,2025-11-17,expense,Transport,Ola,1243.82,UPI
txn-a9e2eb2f151f89f6,2025-11-17,expense,Groceries,Blinkit,1528.53,Cash
txn-daac082e7d98686a,2025-11-17,expense,Transport,Indian Oil,625.3,UPI
txn-f469d1891d870293,2025-11-18,expense,Shopping,Nykaa,2501.15,Net Banking
txn-aa8258f8ff55f857,2025-11-21,expense,Groceries,Star Bazaar,1620.13,Credit Card
txn-ad600ed1726834aa,2025-11-21,expense,Healthcare,City Clinic,3709.82,Credit Card
txn-7f0d484be12946eb,2025-11-22,expense,Groceries,Star Bazaar,1589.8,Credit Card
txn-5420a54eb0effeb0,2025-11-23,expense,Entertainment,PVR Cinemas,2148.61,Credit Card
txn-7b25c6e3a54d52b9,2025-11-24,expense,Utilities,Mahanagar Gas,3140.5,Credit Card
txn-04a4d18e828f4dc5,2025-11-26,expense,Other,Laundry Point,1337.3,UPI
txn-db57a64e68097c16,2025-11-28,income,Salary,Northstar Payroll,160895.63,Bank Transfer
txn-73ab4e91dd4237c4,2025-12-03,expense,Subscriptions,Spotify,148.27,Credit Card
txn-e582a9273f55be59,2025-12-04,expense,Utilities,Mahanagar Gas,3915.12,UPI
txn-53233e6cd8325677,2025-12-05,expense,Housing,Metro Homes Rent,47795.0,Net Banking
txn-6f542fed81004a8d,2025-12-06,expense,Subscriptions,Netflix,808.65,Credit Card
txn-b1e92f77549bd8fd,2025-12-06,expense,Dining,Barbeque Nation,2322.03,UPI
txn-38a4af0d19dc92e0,2025-12-07,expense,Groceries,Nature Basket,1969.76,UPI
txn-39bf2b21ec28eaf3,2025-12-07,expense,Subscriptions,Amazon Prime,372.55,Credit Card
txn-a4e0427686675242,2025-12-07,expense,Subscriptions,Google One,261.66,Credit Card
txn-c55a5c65df4d8a5c,2025-12-07,expense,Groceries,Star Bazaar,2326.49,UPI
txn-83f15912fc73b6fb,2025-12-08,expense,Shopping,Nykaa,2346.07,UPI
txn-552a62e6ef22a752,2025-12-10,expense,Healthcare,Apollo Pharmacy,1573.55,UPI
txn-edb2d72f728495df,2025-12-11,income,Freelance,Independent Client,16924.17,Bank Transfer
txn-27b89e67f338fd7c,2025-12-12,expense,Groceries,BigBasket,1566.75,UPI
txn-34235dd99928c8b3,2025-12-12,expense,Transport,Metro Card,846.0,UPI
txn-4aa94aa2553f0c9f,2025-12-12,expense,Transport,Uber,874.31,Debit Card
txn-8c1f4e7734551aec,2025-12-13,expense,Dining,Zomato,1837.46,Wallet
txn-cd580c0317b85553,2025-12-13,expense,Entertainment,PVR Cinemas,2488.91,UPI
txn-595db0d5539e28b9,2025-12-14,expense,Education,Udemy,1854.07,Cash
txn-91f61394333f5f8d,2025-12-14,expense,Dining,Swiggy,813.9,Credit Card
txn-e22298941de82e9d,2025-12-14,expense,Transport,Ola,256.72,UPI
txn-e9c48b09f06229a6,2025-12-14,expense,Travel,Oyo Rooms,2513.23,Credit Card
txn-000f0aeff97f8d97,2025-12-15,expense,Groceries,Star Bazaar,2603.16,Credit Card
txn-c4782d4257875870,2025-12-16,expense,Dining,Barbeque Nation,1284.36,Credit Card
txn-ed10bbb799dad69e,2025-12-16,expense,Groceries,Star Bazaar,2128.55,Credit Card
txn-fc3d82472b1537c3,2025-12-17,expense,Groceries,Star Bazaar,968.6,Credit Card
txn-2f8882d302947019,2025-12-19,expense,Groceries,Local Grocery,1499.3,UPI
txn-79b4d438f2cb889a,2025-12-20,expense,Transport,Rapido,782.91,UPI
txn-9a148ae0dae5be95,2025-12-20,expense,Other,Gift Store,1900.74,Credit Card
txn-0941b03405f52042,2025-12-21,expense,Other,Stationery Hub,845.75,UPI
txn-1d78995955cb0186,2025-12-21,expense,Dining,Zomato,1531.21,Credit Card
txn-9219c717e03c6c76,2025-12-21,expense,Entertainment,Steam,1433.94,Credit Card
txn-b715f88cea3c1eac,2025-12-21,expense,Dining,Third Wave Coffee,1417.93,Net Banking
txn-bfcb004c0185b49c,2025-12-21,expense,Entertainment,NCPA,1295.31,UPI
txn-6e4ab0a8eb5e7fab,2025-12-23,expense,Shopping,Decathlon,3894.72,Wallet
txn-edd99d74b9ed2864,2025-12-23,expense,Shopping,Decathlon,5649.17,Credit Card
txn-b5c0d2b6719c1f0a,2025-12-25,expense,Utilities,BESCOM,2917.38,Credit Card
txn-ebe26a5d56fed977,2025-12-25,expense,Groceries,BigBasket,2292.74,Cash
txn-aba9a8d89c65b122,2025-12-26,expense,Transport,Indian Oil,1143.97,UPI
txn-88d77e6cbba6c3bd,2025-12-27,expense,Groceries,BigBasket,1732.53,Net Banking
txn-8ccdba3248a92887,2025-12-27,expense,Entertainment,PVR Cinemas,1749.39,Wallet
txn-dc55ed8a32505edc,2025-12-28,income,Salary,Northstar Payroll,161886.14,Bank Transfer
txn-66f42c54db865b9c,2026-01-01,expense,Groceries,Star Bazaar,2184.23,Credit Card
txn-d4307700eea2f18a,2026-01-01,expense,Shopping,Amazon India,3667.95,UPI
txn-544ccd011eb7450b,2026-01-02,expense,Subscriptions,Netflix,812.55,Credit Card
txn-7631d8a2511ee795,2026-01-02,expense,Subscriptions,Google One,262.92,Credit Card
txn-976b29c9d5c68537,2026-01-02,expense,Subscriptions,Amazon Prime,374.35,Credit Card
txn-68697ce8616501b8,2026-01-03,expense,Dining,Third Wave Coffee,1441.09,Credit Card
txn-7edddd1b954dfe68,2026-01-03,expense,Utilities,BESCOM,4313.64,UPI
txn-eeebf2bf7d3d6cf1,2026-01-03,expense,Dining,Third Wave Coffee,1248.52,Credit Card
txn-7e86c1efc30aa541,2026-01-04,expense,Utilities,Tata Power,2730.62,UPI
txn-7fd1a98143090592,2026-01-04,expense,Transport,Uber,509.59,Credit Card
txn-b81688c46ce08890,2026-01-04,expense,Entertainment,PVR Cinemas,690.46,UPI
txn-48ced44b850a47b9,2026-01-05,expense,Housing,Metro Homes Rent,47795.0,Net Banking
txn-8ba8e0c51c50ebd7,2026-01-06,expense,Subscriptions,Spotify,148.99,Credit Card
txn-76b4b083edfb83c9,2026-01-07,expense,Groceries,Local Grocery,1500.06,UPI
txn-336022baa6b29d47,2026-01-09,expense,Other,Laundry Point,805.48,Credit Card
txn-137066eaa431338a,2026-01-10,expense,Groceries,Blinkit,2006.49,Debit Card
txn-20a5fb3ca66f63bc,2026-01-10,expense,Transport,Metro Card,1209.97,UPI
txn-49a8f8171c8124ec,2026-01-10,expense,Shopping,Croma,4313.47,UPI
txn-e81fca9f5a7ec0c5,2026-01-10,expense,Entertainment,PVR Cinemas,1470.32,UPI
txn-5c4e44ffbb5b27cf,2026-01-11,expense,Dining,Third Wave Coffee,1728.32,Credit Card
txn-77ab4461f92c82e3,2026-01-11,expense,Travel,MakeMyTrip,8073.84,Debit Card
txn-f1a100bc68378521,2026-01-11,expense,Shopping,Decathlon,5489.6,Credit Card
txn-d43429f15e3a8d9d,2026-01-13,expense,Other,Gift Store,1754.93,Wallet
txn-82701e7755cff2f5,2026-01-15,expense,Groceries,Local Grocery,1848.92,Credit Card
txn-0e02a0326a52e971,2026-01-16,expense,Transport,Rapido,1199.37,Net Banking
txn-e61dc7c3a4a04a8a,2026-01-17,expense,Travel,Oyo Rooms,7310.29,UPI
txn-8ce726c26b85ead5,2026-01-18,expense,Entertainment,Steam,1396.89,UPI
txn-e696b53366d2035b,2026-01-18,expense,Entertainment,NCPA,1169.48,Credit Card
txn-42d8c49f4a1fa7e2,2026-01-19,expense,Groceries,Blinkit,1595.44,UPI
txn-e6f2775a79687041,2026-01-20,income,Freelance,Independent Client,20346.44,Bank Transfer
txn-39e1b10a6e92e4b1,2026-01-21,expense,Transport,Uber,1496.34,Net Banking
txn-cce71093b2a66b7f,2026-01-21,expense,Education,Skillshare,3474.93,Credit Card
txn-cfaed50394c2c57c,2026-01-21,expense,Shopping,Nykaa,3965.41,UPI
txn-7d4921c5f73cae3d,2026-01-22,expense,Healthcare,Apollo Pharmacy,2389.9,Debit Card
txn-8cb9263b84384d93,2026-01-23,expense,Education,Kindle Store,2804.6,Wallet
txn-7111df0a0330c9b6,2026-01-24,expense,Dining,Zomato,682.97,UPI
txn-7afaf3b12cbff72b,2026-01-24,expense,Groceries,BigBasket,1687.82,Cash
txn-9eef780e32998f4c,2026-01-24,expense,Groceries,BigBasket,1679.57,UPI
txn-dba03e5e76a572db,2026-01-25,expense,Groceries,Star Bazaar,2225.22,Credit Card
txn-98527a569ee56953,2026-01-27,expense,Transport,Metro Card,1062.54,UPI
txn-87253bea5f6bde2f,2026-01-28,income,Salary,Northstar Payroll,162928.64,Bank Transfer
txn-67bc38d56b8e69d7,2026-02-01,expense,Travel,IRCTC,4555.83,Net Banking
txn-deaa0a8ee9fddba7,2026-02-01,expense,Dining,Blue Tokai,2082.28,Debit Card
txn-11ffca067c71ac90,2026-02-02,expense,Groceries,Blinkit,2465.12,UPI
txn-6b91b2078973bba7,2026-02-03,expense,Groceries,Blinkit,2059.34,UPI
txn-7304e967a94cf1ea,2026-02-03,expense,Subscriptions,Amazon Prime,376.14,Credit Card
txn-f4b3afa7487ab3b6,2026-02-03,expense,Subscriptions,Netflix,816.44,Credit Card
txn-3d6837acf75b83d3,2026-02-04,expense,Healthcare,City Clinic,2194.24,Cash
txn-e472764ff23787fa,2026-02-04,expense,Transport,Ola,859.36,UPI
txn-286198cee8e3df76,2026-02-05,expense,Transport,Metro Card,1168.27,UPI
txn-a9833f98a54db7b0,2026-02-05,expense,Groceries,Nature Basket,1516.34,Debit Card
txn-c8bbb2e7f6235d41,2026-02-05,expense,Housing,Metro Homes Rent,47795.0,Net Banking
txn-2283e7fbbaa3d0d8,2026-02-06,expense,Shopping,Decathlon,4353.03,Net Banking
txn-b508215f1ec3d7bd,2026-02-06,expense,Subscriptions,Google One,264.18,Credit Card
txn-02c67c974fb2f294,2026-02-07,expense,Entertainment,Steam,1117.02,Credit Card
txn-581ab0cd3c4937ef,2026-02-07,expense,Dining,Barbeque Nation,2098.8,Wallet
txn-79d50480e9f1792a,2026-02-07,expense,Utilities,Mahanagar Gas,3062.74,Credit Card
txn-51cd86592eb3c12b,2026-02-08,expense,Entertainment,Steam,926.97,Debit Card
txn-b5c9d20ddd0e636e,2026-02-08,expense,Subscriptions,Spotify,149.7,Credit Card
txn-b8daed1e845f7509,2026-02-08,expense,Dining,Barbeque Nation,1236.72,Credit Card
txn-b17d7c8b748b7f2b,2026-02-09,expense,Other,Stationery Hub,1690.76,Credit Card
txn-ea59be57dd1e7dca,2026-02-12,expense,Other,Society Office,1837.5,UPI
txn-eea860cd863f643e,2026-02-14,expense,Groceries,Local Grocery,2473.9,UPI
txn-a17e04b3cfaf9b1a,2026-02-16,expense,Shopping,Decathlon,5711.95,UPI
txn-83be7e94b894fa31,2026-02-17,expense,Utilities,Airtel Fiber,2848.4,UPI
txn-145771cb55f1e627,2026-02-18,expense,Shopping,Croma,3793.99,Credit Card
txn-717cd80baf085184,2026-02-18,expense,Transport,Indian Oil,815.56,Wallet
txn-466361ae6ce50a89,2026-02-19,expense,Groceries,Blinkit,1874.78,UPI
txn-ee5b736f31fd65ce,2026-02-20,expense,Shopping,Decathlon,4884.9,Debit Card
txn-5c66a27d068a9dd0,2026-02-21,expense,Transport,Metro Card,671.37,Debit Card
txn-326f1321bf6506e9,2026-02-22,expense,Entertainment,Steam,2341.23,UPI
txn-8259111fda819832,2026-02-22,expense,Education,Coursera,3706.44,UPI
txn-84a69c1b8994be6a,2026-02-22,expense,Dining,Barbeque Nation,1025.3,Credit Card
txn-b43caaefc3585d7e,2026-02-25,expense,Transport,Ola,437.14,Credit Card
txn-e4be804d236e5452,2026-02-26,expense,Groceries,BigBasket,3202.37,Credit Card
txn-5f7f839504ffe774,2026-02-27,expense,Groceries,BigBasket,2107.69,UPI
txn-531d5563d574f040,2026-02-28,income,Salary,Northstar Payroll,162707.53,Bank Transfer
txn-5adf17856bc100a5,2026-02-28,expense,Other,Home Repair Studio,84000.0,Net Banking
txn-a36ca11668eb2e27,2026-03-01,expense,Dining,Blue Tokai,1456.28,Cash
txn-29a500560488bda9,2026-03-02,expense,Groceries,BigBasket,1988.71,Net Banking
txn-14e5cd29fdbb1b62,2026-03-03,expense,Transport,Ola,664.37,Wallet
txn-4ff00beee91fe204,2026-03-04,expense,Groceries,Nature Basket,2117.8,UPI
txn-7432c10ae3788048,2026-03-04,expense,Subscriptions,Netflix,820.34,Credit Card
txn-94de844430d901c2,2026-03-04,expense,Subscriptions,Amazon Prime,377.94,Credit Card
txn-661b918b2cbc9d15,2026-03-05,expense,Subscriptions,Google One,265.44,Credit Card
txn-8d3b4433dfadc9f2,2026-03-05,expense,Utilities,Tata Power,3696.05,Net Banking
txn-d185a4004c06561f,2026-03-05,expense,Housing,Metro Homes Rent,47795.0,Net Banking
txn-868c83fbaf46e9aa,2026-03-07,expense,Entertainment,PVR Cinemas,2506.59,UPI
txn-af8d129418cf1803,2026-03-07,expense,Subscriptions,Spotify,150.42,Credit Card
txn-fe17fd7e9180f11a,2026-03-08,expense,Dining,Zomato,1544.31,UPI
txn-efe73ee29c690a17,2026-03-09,income,Freelance,Independent Client,21799.55,Bank Transfer
txn-3f7801927f2bd9ad,2026-03-10,expense,Groceries,BigBasket,2647.37,Debit Card
txn-84752358bf193665,2026-03-10,expense,Other,Gift Store,2184.72,Credit Card
txn-dc83f800bad91266,2026-03-10,expense,Transport,Metro Card,733.91,Credit Card
txn-0657677bb167b94f,2026-03-13,expense,Education,Coursera,2622.24,Credit Card
txn-f34091c229abfa3f,2026-03-14,expense,Entertainment,BookMyShow,1255.5,UPI
txn-fa2a5fe6e72697d5,2026-03-14,expense,Other,Society Office,1253.08,Cash
txn-724258809f69b92f,2026-03-15,expense,Dining,Zomato,1561.5,Credit Card
txn-8803cf1d65cf3b77,2026-03-17,expense,Transport,Uber,1685.89,UPI
txn-f55c83e5a87449a0,2026-03-17,expense,Groceries,Blinkit,1398.15,Debit Card
txn-30dd1214650a892b,2026-03-18,expense,Groceries,Nature Basket,1460.42,Net Banking
txn-5d3ab7a95045bad8,2026-03-18,expense,Transport,Rapido,1522.84,UPI
txn-7281ffae10156738,2026-03-18,expense,Shopping,Amazon India,6913.33,UPI
txn-2008400721ab8df9,2026-03-19,expense,Shopping,Decathlon,5530.97,UPI
txn-4c78c4a9b2f758d0,2026-03-21,expense,Groceries,Blinkit,2505.25,UPI
txn-a91330330159b071,2026-03-21,expense,Dining,Barbeque Nation,1268.99,Wallet
txn-10c7f4393693cf08,2026-03-22,expense,Travel,Oyo Rooms,5350.84,Credit Card
txn-406549aa41b51aac,2026-03-22,expense,Transport,Ola,1515.23,Wallet
txn-8e9990589d7806b2,2026-03-22,expense,Dining,Third Wave Coffee,2281.48,UPI
txn-ea50fba32b8b44c3,2026-03-22,expense,Dining,Blue Tokai,328.69,Credit Card
txn-fd25f795ff6c6d4f,2026-03-22,income,Bonus,Northstar Payroll,36716.74,Bank Transfer
txn-e304d2b4d232ad58,2026-03-23,expense,Healthcare,Practo,4097.13,Credit Card
txn-489f79ab8039c139,2026-03-25,expense,Groceries,BigBasket,2250.6,UPI
txn-8aaad12dde2d3632,2026-03-25,expense,Utilities,Tata Power,4603.61,Credit Card
txn-554a9ef4c7ea0457,2026-03-26,expense,Transport,Uber,1026.97,UPI
txn-9f4e513f50146570,2026-03-26,expense,Transport,Ola,1286.57,UPI
txn-2cabadb224bbbdb5,2026-03-28,income,Salary,Northstar Payroll,162388.03,Bank Transfer
txn-467aebc4b413da88,2026-04-01,expense,Groceries,Nature Basket,2074.03,Net Banking
txn-9231ac1ebf2d31be,2026-04-01,expense,Other,Laundry Point,1804.56,Credit Card
txn-9d294201c0fc7ef8,2026-04-03,expense,Shopping,Nykaa,4235.91,UPI
txn-af5a3d3010523821,2026-04-03,expense,Subscriptions,Netflix,824.23,Credit Card
txn-6eaf1c5b29b7f2ef,2026-04-04,expense,Subscriptions,Amazon Prime,379.73,Credit Card
txn-384a8400e67ca162,2026-04-05,expense,Housing,Metro Homes Rent,47795.0,Net Banking
txn-a3c4afc14a284d62,2026-04-05,expense,Entertainment,Steam,2324.31,Credit Card
txn-bd042cddcea6e401,2026-04-05,expense,Subscriptions,Google One,266.7,Credit Card
txn-c367e844cbdaf99c,2026-04-05,expense,Travel,IRCTC,7072.7,UPI
txn-f8f3816f2f94b795,2026-04-05,expense,Utilities,BESCOM,3654.81,UPI
txn-b01fd273a2420f6c,2026-04-06,expense,Subscriptions,Spotify,151.13,Credit Card
txn-4e290e1dc7450de4,2026-04-07,expense,Transport,Ola,1077.01,Credit Card
txn-b4e1c3ef86e219bb,2026-04-07,expense,Transport,Uber,609.58,UPI
txn-7bb6767c0ca47852,2026-04-08,expense,Transport,Rapido,498.71,UPI
txn-d4f72446b3e07ed5,2026-04-09,expense,Groceries,Star Bazaar,1112.28,Credit Card
txn-110ad859f642c548,2026-04-10,expense,Shopping,Amazon India,4309.06,UPI
txn-c2f418891fa71e29,2026-04-10,expense,Groceries,Local Grocery,1843.78,Wallet
txn-f2ccbb7ccb192fac,2026-04-10,expense,Groceries,Nature Basket,1697.94,Wallet
txn-521c31103558b4e4,2026-04-12,expense,Dining,Swiggy,1818.0,Credit Card
txn-bf8b83024f6fb956,2026-04-12,expense,Entertainment,Steam,1035.68,UPI
txn-c2aad3ebd9cbd2b4,2026-04-12,expense,Dining,Blue Tokai,982.85,Credit Card
txn-d2eb022ebfd254d1,2026-04-12,expense,Groceries,Blinkit,1973.66,Credit Card
txn-278c6eafbac3c691,2026-04-16,expense,Transport,Indian Oil,1298.99,Wallet
txn-a8a22336ab06aefb,2026-04-17,expense,Groceries,BigBasket,1595.39,Credit Card
txn-48ce3ad428bad8cb,2026-04-19,expense,Dining,Blue Tokai,1463.7,UPI
txn-67c93d294ba09d84,2026-04-19,expense,Dining,Blue Tokai,1566.4,Wallet
txn-4f7256c32a2aeaad,2026-04-21,expense,Transport,Ola,449.83,Cash
txn-f47c5f4ed75f3206,2026-04-21,expense,Other,Gift Store,1703.78,UPI
txn-2f4428b1ecddfc20,2026-04-23,expense,Education,Coursera,2287.51,Credit Card
txn-3bc69481ebe02fbd,2026-04-25,expense,Healthcare,Practo,2815.62,Net Banking
txn-6946671aa4c41880,2026-04-25,expense,Groceries,Local Grocery,2382.32,UPI
txn-d898c1610e756e19,2026-04-25,expense,Dining,Third Wave Coffee,2145.02,UPI
txn-df63c040cd39c264,2026-04-25,expense,Entertainment,PVR Cinemas,1074.96,UPI
txn-8095ed9f3a5d1f29,2026-04-26,expense,Utilities,BESCOM,3120.15,UPI
txn-993f5d1493a20573,2026-04-26,expense,Dining,Barbeque Nation,949.15,Debit Card
txn-133f71508a5447d9,2026-04-27,expense,Transport,Indian Oil,948.26,Credit Card
txn-ab2b643108e5cfb8,2026-04-28,income,Salary,Northstar Payroll,163705.23,Bank Transfer
txn-06128696326b6d55,2026-05-02,expense,Subscriptions,Google One,267.96,Credit Card
txn-383c5c92745808fc,2026-05-02,expense,Education,Coursera,4240.57,Net Banking
txn-51fe9a6bd5f11ee3,2026-05-02,expense,Dining,Third Wave Coffee,1543.79,Credit Card
txn-8abdde756a78f839,2026-05-02,expense,Travel,Oyo Rooms,13803.78,UPI
txn-bdbe1cb86c44af5b,2026-05-02,expense,Entertainment,NCPA,1839.16,Wallet
txn-5614d1f5aff00957,2026-05-03,expense,Groceries,Local Grocery,1664.68,Credit Card
txn-6257344f8f9c797c,2026-05-03,expense,Dining,Blue Tokai,2526.31,Wallet
txn-dc9c814fc8e211fd,2026-05-03,expense,Dining,Barbeque Nation,1070.62,Cash
txn-0523e927fb0bc764,2026-05-04,expense,Subscriptions,Netflix,828.12,Credit Card
txn-410cb47ad45477af,2026-05-04,expense,Subscriptions,Amazon Prime,381.52,Credit Card
txn-2ab7bd421e1775da,2026-05-05,expense,Shopping,Nykaa,4976.78,Debit Card
txn-433da64d65166d9f,2026-05-05,expense,Other,Stationery Hub,1891.36,Debit Card
txn-5433786dd30e16f2,2026-05-05,expense,Housing,Metro Homes Rent,47795.0,Net Banking
txn-6d1aae285e79e6c4,2026-05-06,expense,Utilities,Mahanagar Gas,3821.31,Debit Card
txn-ae6abcfa65e40b2d,2026-05-07,expense,Transport,Rapido,609.92,UPI
txn-32d30ebc85339e68,2026-05-08,expense,Subscriptions,Spotify,151.84,Credit Card
txn-db3ab5b934c02fd0,2026-05-08,expense,Groceries,Star Bazaar,1614.01,Debit Card
txn-4f1ac0827163a29d,2026-05-09,expense,Healthcare,Apollo Pharmacy,1944.73,Debit Card
txn-5ffab3f1beae17bc,2026-05-09,expense,Travel,MakeMyTrip,7473.29,UPI
txn-c5ddbed7db26ddfb,2026-05-09,expense,Entertainment,NCPA,1799.43,UPI
txn-3f75bc1cdb501784,2026-05-10,expense,Groceries,BigBasket,2144.74,UPI
txn-de1e66917606b670,2026-05-10,expense,Transport,Indian Oil,1106.24,UPI
txn-335af0edbf471b2b,2026-05-15,expense,Utilities,Airtel Fiber,3360.44,UPI
txn-56c7243051867fcf,2026-05-15,expense,Groceries,Blinkit,1519.42,UPI
txn-617ea1c4dd8058a8,2026-05-16,expense,Transport,Indian Oil,724.38,Wallet
txn-cbe559df80948125,2026-05-16,expense,Groceries,BigBasket,2046.03,UPI
txn-d84702f942e99dd8,2026-05-16,expense,Shopping,Amazon India,2286.21,Net Banking
txn-581ecae6a2b8c39a,2026-05-17,expense,Entertainment,PVR Cinemas,1497.12,UPI
txn-c4cfd6443919837b,2026-05-18,expense,Other,Stationery Hub,365.73,UPI
txn-991dca469ec34ade,2026-05-19,expense,Other,Society Office,80.0,Net Banking
txn-058e4bf1cd05a2ca,2026-05-21,expense,Groceries,Nature Basket,1950.0,UPI
txn-38ece640a1676b3e,2026-05-21,expense,Healthcare,Apollo Pharmacy,1580.75,Wallet
txn-5da73a5fb3f1135f,2026-05-21,expense,Transport,Metro Card,989.43,UPI
txn-6d462d0c3229d2fe,2026-05-21,expense,Transport,Rapido,1167.82,UPI
txn-fd034c256a71c88f,2026-05-21,income,Freelance,Independent Client,12873.18,Bank Transfer
txn-407f592ce2518b07,2026-05-22,expense,Groceries,Nature Basket,1141.31,UPI
txn-089742e264643d82,2026-05-23,expense,Dining,Barbeque Nation,2131.04,Credit Card
txn-1a66274f32e2310e,2026-05-23,expense,Transport,Metro Card,1647.62,Debit Card
txn-97ec8afc0e129389,2026-05-23,expense,Shopping,Amazon India,6417.13,Wallet
txn-4a58c6fec5e2386a,2026-05-24,expense,Entertainment,NCPA,1549.26,Net Banking
txn-feed60d3d0f138e8,2026-05-24,expense,Groceries,Local Grocery,2223.76,Credit Card
txn-f0ed13a7b538073d,2026-05-25,expense,Groceries,Nature Basket,1776.43,Debit Card
txn-9ccda6d682f3c34c,2026-05-27,expense,Transport,Metro Card,1263.17,Net Banking
txn-107526d841f03286,2026-05-28,income,Salary,Northstar Payroll,166037.55,Bank Transfer
txn-9291f37dc260cc34,2026-06-03,expense,Groceries,Local Grocery,2378.51,Cash
txn-ab649b493cb34f8d,2026-06-03,expense,Subscriptions,Google One,269.22,Credit Card
txn-035ceeb74f0ec903,2026-06-04,expense,Subscriptions,Spotify,152.56,Credit Card
txn-9a551cece7d02f28,2026-06-04,expense,Subscriptions,Amazon Prime,383.32,Credit Card
txn-73b6727ca7252e60,2026-06-05,expense,Utilities,Jio Mobile,4520.29,Credit Card
txn-8e2cde294d489346,2026-06-05,expense,Education,Coursera,3969.68,Credit Card
txn-e802ef58e99b3b53,2026-06-05,expense,Housing,Metro Homes Rent,47795.0,Net Banking
txn-833ef52643d21b96,2026-06-06,expense,Travel,MakeMyTrip,8451.46,Debit Card
txn-1acf8713fd68136d,2026-06-07,expense,Other,Society Office,464.45,Debit Card
txn-6af88e621c54a4f6,2026-06-07,expense,Dining,Swiggy,3196.1,Debit Card
txn-006de2c812ef7707,2026-06-08,expense,Subscriptions,Netflix,832.02,Credit Card
txn-794fe1a52c24298e,2026-06-09,expense,Utilities,Airtel Fiber,4572.44,UPI
txn-7327ee444760934e,2026-06-10,expense,Transport,Indian Oil,1190.25,Wallet
txn-b2a4f17064abd033,2026-06-12,expense,Utilities,Airtel Fiber,2781.22,Credit Card
txn-335dc57d6f379dcb,2026-06-13,expense,Groceries,BigBasket,1469.75,Wallet
txn-6d4071a54c69818a,2026-06-13,expense,Entertainment,Steam,2315.29,UPI
txn-c5434d74fb025f87,2026-06-13,expense,Dining,Barbeque Nation,2230.44,UPI
txn-c8da5054f4a01385,2026-06-13,expense,Entertainment,PVR Cinemas,1319.91,Debit Card
txn-cedf96da049c9a2c,2026-06-13,expense,Dining,Barbeque Nation,1615.09,UPI
txn-dcc742f36c6ba51d,2026-06-14,expense,Dining,Blue Tokai,1895.42,Wallet
txn-fe65e895ec12f158,2026-06-16,expense,Healthcare,City Clinic,5138.68,UPI
txn-049c4c114948026e,2026-06-17,expense,Shopping,Myntra,4744.32,UPI
txn-5c7a15da48136d99,2026-06-17,expense,Transport,Indian Oil,1189.08,Debit Card
txn-90d9c072cf709848,2026-06-18,expense,Transport,Indian Oil,933.11,Credit Card
txn-9c19b7f8b6d7592c,2026-06-19,expense,Groceries,BigBasket,961.99,UPI
txn-03b35896fab1a389,2026-06-20,expense,Groceries,Nature Basket,1002.66,Credit Card
txn-0d644944da2c0441,2026-06-20,expense,Transport,Metro Card,1016.86,Credit Card
txn-626b5d70480a0709,2026-06-20,expense,Utilities,Jio Mobile,4247.36,UPI
txn-65a0b8788eccb60a,2026-06-20,expense,Groceries,BigBasket,2039.87,Wallet
txn-e03e116947c77d3e,2026-06-20,expense,Dining,Swiggy,2140.15,Net Banking
txn-4dc4166298064f31,2026-06-21,expense,Groceries,Local Grocery,1936.52,Credit Card
txn-4c398d90a71a145b,2026-06-22,expense,Groceries,Nature Basket,2135.41,Credit Card
txn-53ee7580789982aa,2026-06-24,expense,Shopping,Croma,1495.96,UPI
txn-95d6cf83178e0cc3,2026-06-24,expense,Transport,Metro Card,818.41,Credit Card
txn-acd225db1725701e,2026-06-24,expense,Shopping,Croma,6586.55,Debit Card
txn-8444ab0e80f05e71,2026-06-25,expense,Transport,Rapido,956.08,Credit Card
txn-df0e571080ffff8e,2026-06-28,income,Salary,Northstar Payroll,161461.05,Bank Transfer
